cell_id_rnaseq;well;cell_id_dnaseq;cd123;cd34;cd38;cd45ra;cd90;published_genotype;batch
SRR8159843;TR4PL21_11B;SRR8153670;3428,9;29906,12;5156,63;1502,17;2621,87;JAK2_HET_U2AF1_HET_TET2_pI1105_HET_ASXL1_p910_HET;batch_1
SRR8159844;TR4PL21_11C;SRR8153669;1700,39;21457,04;14743,83;1782,7;1887,77;JAK2_HET_U2AF1_HET_ASXL1_p910_HET;batch_1
SRR8159845;TR4PL21_11D;SRR8153668;1342,27;17353,63;7552,66;995,36;1545,84;JAK2_HET_U2AF1_HET;batch_1
SRR8159846;TR4PL21_11E;SRR8153667;3951,9;29338,79;11011,12;748,31;16677,71;JAK2_HET_U2AF1_HET_ASXL1_p897_HET;batch_1
SRR8159847;TR4PL21_11F;SRR8153666;2719,89;18098,87;19794,6;1348,57;2874,07;JAK2_HET_U2AF1_HET_TET2_pI1105_HET_ASXL1_p910_HET;batch_1
SRR8159848;TR4PL21_11L;SRR8153111;649,52;10691,38;37265,15;2213,63;2963,91;JAK2_HOM_U2AF1_HET;batch_1
SRR8159849;TR4PL21_13A;SRR8153107;6377,86;37384,73;10027,19;1406,56;2655,33;JAK2_HET_U2AF1_HET_TET2_pI1105_HET_ASXL1_p910_HET;batch_1
SRR8159850;TR4PL21_13B;SRR8153106;4597,72;16862,99;7737,13;1186,76;1595,48;JAK2_HOM_U2AF1_HET;batch_1
SRR8159851;TR4PL21_13G;SRR8153494;1511,26;29549,9;6591,62;250,33;9986,01;JAK2_HET_U2AF1_HET_TET2_pI1105_HET_ASXL1_p910_HET;batch_1
SRR8159852;TR4PL21_13H;SRR8153495;880,02;10198,85;51681,28;2189,64;1306,13;JAK2_HET_U2AF1_HET;batch_1
SRR8159853;TR4PL21_13I;SRR8153496;467,33;30603,12;15602,93;1718,27;3047,34;JAK2_HET_U2AF1_HET_ASXL1_p910_HET;batch_1
SRR8159854;TR4PL21_13J;SRR8153497;2386,62;39519,14;1078,91;1470,17;3526,82;JAK2_HOM_U2AF1_HET;batch_1
SRR8159855;TR4PL21_13K;SRR8153498;4694,41;20393,59;7414,42;953,4;3069,64;JAK2_HET_U2AF1_HET_ASXL1_p897_HET;batch_1
SRR8159856;TR4PL21_13L;SRR8153499;1727,77;25473,67;15963,11;1241,75;1929,46;JAK2_HET_U2AF1_HET_ASXL1_p897_HET;batch_1
SRR8159857;TR4PL21_13M;SRR8153500;1629,97;21557,68;17562,67;2304,61;2958,67;JAK2_HET_U2AF1_HET_TET2_pI1105_HET_ASXL1_p910_HET;batch_1
SRR8159858;TR4PL21_13N;SRR8153501;-1074,92;26339,26;46626,71;2427,49;3610,98;JAK2_HET_U2AF1_HET_ASXL1_p910_HET;batch_1
SRR8159859;TR4PL21_13O;SRR8153486;708,51;20636;8008,31;2077,52;4410,89;JAK2_HET_U2AF1_HET;batch_1
SRR8159860;TR4PL21_13P;SRR8153487;2496,6;22171,11;21729,49;3463,09;6175,85;JAK2_HET_U2AF1_HET_ASXL1_p897_HET;batch_1
SRR8159861;TR4PL21_15A;SRR8153867;149;22530,51;2655,07;1359,08;793,92;JAK2_HET_U2AF1_HET;batch_1
SRR8159862;TR4PL21_15B;SRR8153866;807,61;25975,48;2263,2;1889,23;-341,71;JAK2_WT_U2AF1_HET;batch_1
SRR8159863;TR4PL21_15I;SRR8153859;3930,18;27019;3146,43;2234,94;1370,84;JAK2_HET_U2AF1_HET;batch_1
SRR8159864;TR4PL21_15J;SRR8153858;1914,58;19937,56;1293,92;680,39;1605;JAK2_HET_U2AF1_HET;batch_1
SRR8159865;TR4PL21_15K;SRR8153813;825,91;16585,31;3191,92;559,87;1982,11;JAK2_HET_U2AF1_HET;batch_1
SRR8159866;TR4PL21_15L;SRR8153814;1811,09;20191,07;3908,59;1734,96;1111,89;JAK2_HET_U2AF1_HET_TET2_pI1105_HET_ASXL1_p910_HET;batch_1
SRR8159867;TR4PL21_15M;SRR8153811;3436,68;23708,85;3700,07;1200,1;3321,82;JAK2_HET_U2AF1_HET;batch_1
SRR8159868;TR4PL21_15N;SRR8153812;646,5;26855,97;3771,05;1951,96;2758,63;JAK2_HET_U2AF1_HET;batch_1
SRR8159869;TR4PL21_15O;SRR8153817;2571,98;31592,61;1894,09;1981,53;3618,68;JAK2_WT;batch_1
SRR8159870;TR4PL21_15P;SRR8153818;3464,43;31374,93;3974,59;901,93;26875,66;JAK2_HET_U2AF1_HET;batch_1
SRR8159871;TR4PL21_16J;SRR8153209;-171,97;34576,88;2207,54;1712,33;11942,31;JAK2_HET_U2AF1_HET;batch_1
SRR8159872;TR4PL21_16N;SRR8153213;1102,52;30042,02;3548,56;1588,04;4082,45;JAK2_HET_U2AF1_HET_ASXL1_p897_HET;batch_1
SRR8159873;TR4PL21_16P;SRR8153203;2218,28;47405,7;2685,02;1700,13;859,17;JAK2_HET_U2AF1_HET;batch_1
SRR8159874;TR4PL21_17A;SRR8153596;4871,19;25288,93;2820,42;1214,05;2389,61;JAK2_HET_U2AF1_HET;batch_1
SRR8159875;TR4PL21_17B;SRR8153597;1355,75;24881,2;3712,76;1499,09;1392,81;JAK2_HOM_U2AF1_HET;batch_1
SRR8159876;TR4PL21_17C;SRR8153598;6078,79;28807,77;3809,33;1694,25;4425,99;JAK2_HET_U2AF1_HET;batch_1
SRR8159877;TR4PL21_17D;SRR8153599;1646,53;37924,51;2067,12;1141,03;3720,21;JAK2_HET_U2AF1_HET_TET2_pI1105_HET_ASXL1_p910_HET;batch_1
SRR8159878;TR4PL21_17E;SRR8153592;4322,06;19977,9;3662,42;2284,22;4991,13;JAK2_HOM_U2AF1_HET;batch_1
SRR8159879;TR4PL21_17F;SRR8153593;5136,86;30094,55;4148,08;1198,89;1239,76;JAK2_HET_U2AF1_HET_TET2_pI1105_HET_ASXL1_p910_HET;batch_1
SRR8159880;TR4PL21_17G;SRR8153594;2632;27580,76;3474,61;1267,91;4426,92;JAK2_HET_ASXL1_p897_HET;batch_1
SRR8159881;TR4PL21_17H;SRR8153595;2046,33;28218,09;1781,14;1082,75;732,65;JAK2_HET_U2AF1_HET;batch_1
SRR8159882;TR4PL21_17I;SRR8153588;2592,75;25496,04;3447,61;1760,28;3146,2;JAK2_HET_U2AF1_HET_ASXL1_p897_HET;batch_1
SRR8159883;TR4PL21_17J;SRR8153589;-1269,35;39088,95;38,51;1204,31;2650,32;JAK2_HET_U2AF1_HET;batch_1
SRR8159884;TR4PL21_17K;SRR8153988;3382,05;20439,65;3072,03;1116,04;1404,36;JAK2_HET_U2AF1_HET;batch_1
SRR8159885;TR4PL21_17L;SRR8153987;4004,29;32998,12;3991,55;2155,69;7902,08;JAK2_HET_U2AF1_HET;batch_1
SRR8159886;TR4PL21_18B;SRR8153989;8190,91;41843,51;2155,83;831,29;1159,29;JAK2_HET_U2AF1_HET;batch_1
SRR8159887;TR4PL21_18E;SRR8153993;1965,37;31751,32;2481,81;1043,34;1423,84;JAK2_HET_U2AF1_HET;batch_1
SRR8159888;TR4PL21_18F;SRR8153915;4754,08;45410,36;2225,88;2554,74;17500,18;JAK2_HET_U2AF1_HET;batch_1
SRR8159889;TR4PL21_18I;SRR8153898;4008,54;18873,61;3919,93;1692,28;5907,96;JAK2_HET_U2AF1_HET;batch_1
SRR8159890;TR4PL21_18J;SRR8153360;1934,48;16705,13;3275,73;1164,68;2228,76;JAK2_HET_U2AF1_HET;batch_1
SRR8159891;TR4PL21_18K;SRR8153361;2310,45;31170,95;2517,4;1851,36;2026,25;JAK2_HET_U2AF1_HET;batch_1
SRR8159892;TR4PL21_18L;SRR8153358;2427,72;33624,55;3501,02;2710,15;5128,95;JAK2_HET_U2AF1_HET_ASXL1_p897_HET;batch_1
SRR8159904;TR4PL21_1A;SRR8153352;3251,97;40646,83;7822,28;946,1;8638,84;JAK2_HET_U2AF1_HET_TET2_pI1105_HOM_ASXL1_p910_HET;batch_1
SRR8159905;TR4PL21_1B;SRR8153353;1654,48;34990,43;4531,75;2386,38;7899,18;JAK2_HOM_U2AF1_HET;batch_1
SRR8159906;TR4PL21_1C;SRR8153362;4197,15;30865,4;7345,71;1824,45;4871,96;JAK2_HET_U2AF1_HET_TET2_pI1105_HET_ASXL1_p910_HET;batch_1
SRR8159907;TR4PL21_1D;SRR8153363;6789,07;20229,74;14730,13;1609,03;2479,76;JAK2_HET_U2AF1_HET_ASXL1_p910_HET;batch_1
SRR8159908;TR4PL21_1E;SRR8153625;6920,43;51402,98;8773,45;1375,98;6476,67;JAK2_HET_U2AF1_HET;batch_1
SRR8159909;TR4PL21_1F;SRR8153624;-1298,91;17359,67;51790,67;1478,87;1715,15;JAK2_HET_U2AF1_HET;batch_1
SRR8159910;TR4PL21_1J;SRR8153628;3456,26;34235,64;8481,18;2200,99;1709,94;JAK2_HET_U2AF1_HET;batch_1
SRR8159911;TR4PL21_1K;SRR8153627;3656,05;38848,53;15722,37;941,11;1628,65;JAK2_HET_U2AF1_HET;batch_1
SRR8159912;TR4PL21_1L;SRR8153626;2022,96;16299,9;5849,61;2005,23;775,38;JAK2_HET_U2AF1_HET;batch_1
SRR8159913;TR4PL21_1M;SRR8153632;6197,77;33054,26;11105,35;1535,04;3744,12;JAK2_HET_U2AF1_HET_ASXL1_p910_HET;batch_1
SRR8159914;TR4PL21_1N;SRR8153631;2300,52;38802,73;5981,14;1147,71;1515,83;JAK2_HET_U2AF1_HET;batch_1
SRR8159927;TR4PL21_3B;SRR8153075;1444,62;25739,64;25050,07;2364,55;3233,24;JAK2_HET_U2AF1_HET;batch_1
SRR8159928;TR4PL21_3G;SRR8153070;1525,17;27899,77;6587,71;1806;2500,06;JAK2_HET_U2AF1_HET_TET2_pI1105_HET_ASXL1_p910_HET;batch_1
SRR8159929;TR4PL21_3H;SRR8153069;1403,88;12089,77;10466,82;1127,38;1612,63;JAK2_HET_U2AF1_HET_TET2_pI1105_HET_ASXL1_p910_HET;batch_1
SRR8159930;TR4PL21_3J;SRR8153083;3957,03;33291,39;6791,63;1312,4;946,1;JAK2_HET_U2AF1_HET;batch_1
SRR8159931;TR4PL21_3M;SRR8153687;3807,37;22103,27;2814,03;1068,07;5527,35;JAK2_HET_U2AF1_HET;batch_1
SRR8159932;TR4PL21_3N;SRR8153684;1855,78;23194,3;9144,01;2224,79;5506,87;JAK2_HET_U2AF1_HET;batch_1
SRR8159933;TR4PL21_5C;SRR8153691;2570,57;23849,91;7490,98;1600,15;1980,32;JAK2_HET_U2AF1_HET_TET2_pI1105_HET_ASXL1_p910_HET;batch_1
SRR8159934;TR4PL21_5D;SRR8153688;953,46;30759,24;3019,99;1061,62;3996,92;JAK2_HET_U2AF1_HET;batch_1
SRR8159935;TR4PL21_5E;SRR8153689;48,04;29039,94;1917,09;1230,17;6122,79;JAK2_HET_U2AF1_HET_ASXL1_p897_HET;batch_1
SRR8159936;TR4PL21_5G;SRR8153693;4934,72;33922,56;8497,98;1722,73;6452,69;JAK2_HET_U2AF1_HET;batch_1
SRR8159937;TR4PL21_5H;SRR8153946;-44,51;15724,31;26997,74;1831,91;2696,62;JAK2_HET_U2AF1_HET_ASXL1_p897_HET;batch_1
SRR8159938;TR4PL21_5J;SRR8153948;3697,75;19183,87;2759,77;814,64;3690,43;JAK2_HET_U2AF1_HET_ASXL1_p897_HET;batch_1
SRR8159939;TR4PL21_5K;SRR8153947;3468,94;33393,08;5630,81;1495,84;3033,69;JAK2_HET_U2AF1_HET;batch_1
SRR8159940;TR4PL21_5L;SRR8153950;2609,51;19067,48;7516,63;1508,44;1743,01;JAK2_HET_U2AF1_HET_ASXL1_p897_HET;batch_1
SRR8159941;TR4PL21_5M;SRR8153949;1717,4;14738,92;33543,35;2668,23;2999,89;JAK2_HET_U2AF1_HET;batch_1
SRR8159942;TR4PL21_5N;SRR8153952;6683,4;24548,35;4382,13;1623,67;1702,48;JAK2_HET_U2AF1_HET_ASXL1_p897_HET;batch_1
SRR8159943;TR4PL21_5O;SRR8153951;3395,98;16769,68;7891,76;1018,24;3530,2;JAK2_HET_U2AF1_HET;batch_1
SRR8159944;TR4PL21_5P;SRR8153954;5075,98;24645,08;6667,64;1786,43;2403,33;JAK2_HET_U2AF1_HET_TET2_pI1105_HET_ASXL1_p910_HET;batch_1
SRR8159945;TR4PL21_7A;SRR8153953;2003,42;33048,76;2713,32;1054,36;1867,47;JAK2_HET_U2AF1_HET;batch_1
SRR8159946;TR4PL21_7C;SRR8153897;1973,98;27277,22;11656,18;1524,5;907,73;JAK2_HOM_U2AF1_HET;batch_1
SRR8159947;TR4PL21_7E;SRR8153719;1375,55;29431,02;5033,43;1956,75;896,39;JAK2_HET_U2AF1_HET;batch_1
SRR8159948;TR4PL21_7F;SRR8153712;3127,39;36428,47;5804,11;722,58;5799,31;JAK2_HET_U2AF1_HET_TET2_pI1105_HET_ASXL1_p910_HET;batch_1
SRR8159949;TR4PL21_7I;SRR8153715;1285,24;41933,89;4643,19;1092,23;10052,87;JAK2_HET_U2AF1_HET;batch_1
SRR8159950;TR4PL21_7K;SRR8153869;1778,51;16209,48;7328,75;2079,56;2687,68;JAK2_HET_U2AF1_HET;batch_1
SRR8159951;TR4PL21_7L;SRR8153980;2827,77;22645,01;5015,99;1751,51;1651,8;JAK2_HET_U2AF1_HET;batch_1
SRR8159952;TR4PL21_7M;SRR8153979;458,33;36126,45;833,22;1262,78;842,01;JAK2_WT_U2AF1_HET;batch_1
SRR8159953;TR4PL21_7N;SRR8153247;5403;24722,79;5877,33;968,07;3178,22;JAK2_HET_U2AF1_HET_TET2_pI1105_HET_ASXL1_p910_HET;batch_1
SRR8159954;TR4PL21_9C;SRR8153981;2148,98;27764,45;4655,57;882,53;15646,68;JAK2_HET_U2AF1_HET_ASXL1_p897_HET;batch_1
SRR8159955;TR4PL21_9G;SRR8153014;3338,64;21579,33;9283,73;1332,74;13,01;JAK2_HET_U2AF1_HET_ASXL1_p910_HET;batch_1
SRR8159956;TR4PL21_9H;SRR8153013;1035,98;31817,07;4196,95;1561,83;2456,72;JAK2_HET_U2AF1_HET_ASXL1_p910_HET;batch_1
SRR8159957;TR4PL21_9M;SRR8153008;3665,36;13400,64;14793,25;1860,42;9767,39;JAK2_HET_U2AF1_HET;batch_1
SRR8159958;TR4PL21_9N;SRR8153007;5197,22;24117,21;5082,21;1071,27;3296,85;JAK2_HET_U2AF1_HET;batch_1
SRR8159959;TR4PL21_9O;SRR8153678;964,94;37541,09;7943,15;1405,85;4340,27;JAK2_HET_U2AF1_HOM_ASXL1_p897_HET;batch_1
SRR8159960;TR4PL21_9P;SRR8153969;2028,06;24975,04;12013,85;2755,36;2765,85;JAK2_HET_U2AF1_HET;batch_1
SRR8160135;TR4PL23_11A;SRR8153509;1351,22;22102,09;10234,69;1487,66;378,86;JAK2_HET_U2AF1_HET;batch_1
SRR8160136;TR4PL23_11B;SRR8153508;11139,86;20566,58;20922,86;1701,92;1373,03;JAK2_HET_U2AF1_HET;batch_1
SRR8160137;TR4PL23_11C;SRR8153511;1334,68;26330,66;6619,33;1261,47;7650,18;JAK2_HET_U2AF1_HET_ASXL1_p897_HET;batch_1
SRR8160138;TR4PL23_11E;SRR8153505;4704,14;18434,85;8101,21;1469,45;491,44;JAK2_WT_U2AF1_HET_ASXL1_p897_HET;batch_1
SRR8160139;TR4PL23_11F;SRR8153504;4117,03;25511,22;37171,16;1972,01;12811,31;JAK2_HOM;batch_1
SRR8160140;TR4PL23_11G;SRR8153077;2945,32;20493,93;3536,42;613,43;619,72;JAK2_HET_U2AF1_HET;batch_1
SRR8160141;TR4PL23_11H;SRR8153076;3173,14;27218,97;16345,88;931,05;457,86;JAK2_HOM_U2AF1_HET;batch_1
SRR8160142;TR4PL23_11I;SRR8153079;1402,03;35970,21;7049,63;1368,3;3299,05;JAK2_HET_U2AF1_HET_ASXL1_p910_HET;batch_1
SRR8160143;TR4PL23_11J;SRR8153078;3358,78;32127,51;15219,31;1331,9;2954,76;JAK2_WT_U2AF1_HET_ASXL1_p897_HET;batch_1
SRR8160144;TR4PL23_11K;SRR8153081;1378,47;16693,07;11900,13;707,58;1725;JAK2_HET_U2AF1_HET_ASXL1_p910_HET;batch_1
SRR8160145;TR4PL23_11L;SRR8153080;3744,5;22568,93;10801,62;1804,49;3892,09;JAK2_HET_U2AF1_HET;batch_1
SRR8160146;TR4PL23_11O;SRR8153445;2015,87;25149,03;18718,83;1207,61;2969,06;JAK2_HET_U2AF1_HET_TET2_pI1105_HET_ASXL1_p910_HET;batch_1
SRR8160147;TR4PL23_11P;SRR8153425;3580,13;13818,97;7205,33;1948,86;-1136,88;JAK2_HET_U2AF1_HET;batch_1
SRR8160148;TR4PL23_13A;SRR8153423;1019,62;29041,17;8957,73;1353,85;9556,01;JAK2_HET_U2AF1_HET_ASXL1_p897_HET;batch_1
SRR8160149;TR4PL23_13B;SRR8153787;629,37;13315,19;5400,23;1778,25;6530,57;JAK2_HET_U2AF1_HET;batch_1
SRR8160150;TR4PL23_13C;SRR8153789;141,05;31334,51;7417,97;1953,99;1959,56;JAK2_HET_U2AF1_HET_ASXL1_p897_HET;batch_1
SRR8160151;TR4PL23_13D;SRR8153086;791,96;33116,65;9996,46;1349,83;2661,99;JAK2_HET_U2AF1_HET_ASXL1_p910_HET;batch_1
SRR8160152;TR4PL23_13F;SRR8153114;280,26;40729,81;6312,24;732,82;1152,41;JAK2_WT;batch_1
SRR8160153;TR4PL23_13G;SRR8153120;6363,3;30667,92;2866,83;1503,23;1984,38;JAK2_HET_U2AF1_HET_ASXL1_p910_HET;batch_1
SRR8160154;TR4PL23_13H;SRR8153103;-1167,78;10537,4;10764,26;1271,31;524,17;JAK2_HET_U2AF1_HET;batch_1
SRR8160155;TR4PL23_13I;SRR8153807;3132,18;24023,16;2914,47;1376,32;1613;JAK2_HET_U2AF1_HET;batch_1
SRR8160156;TR4PL23_13J;SRR8153449;5063,76;22041,5;9186,77;1353,88;2614,39;JAK2_HET_U2AF1_HET;batch_1
SRR8160157;TR4PL23_13L;SRR8153755;1431,7;35217,2;6026,77;2147,38;584,29;JAK2_HET_U2AF1_HET_TET2_pI1105_HET_ASXL1_p910_HET;batch_1
SRR8160158;TR4PL23_13M;SRR8153754;2444,91;15629,77;9697,4;2074,91;2996,53;JAK2_HET_U2AF1_HET_ASXL1_p910_HET;batch_1
SRR8160159;TR4PL23_13N;SRR8153753;6481,27;17056,17;21369,73;1253,94;2704,88;JAK2_WT_U2AF1_HET_ASXL1_p910_HET;batch_1
SRR8160160;TR4PL23_13O;SRR8153752;3767,14;21856,59;12255,93;1345,09;2750,3;JAK2_HET_U2AF1_HET_ASXL1_p897_HET;batch_1
SRR8160161;TR4PL23_13P;SRR8153750;652,92;13699,6;24647,99;2009,79;2213,36;JAK2_HET_U2AF1_HET;batch_1
SRR8160162;TR4PL23_15A;SRR8153749;-60,69;22302,5;6629,99;1161,53;3393,14;JAK2_HET_U2AF1_HET_ASXL1_p897_HET;batch_1
SRR8160163;TR4PL23_15B;SRR8153743;3266,76;28254,46;13430,13;1693,03;1825,17;JAK2_HET_U2AF1_HET;batch_1
SRR8160164;TR4PL23_15C;SRR8153737;6266,01;27007,83;6035,54;1326,26;1946,19;JAK2_HET_U2AF1_HET_TET2_pI1105_HET_ASXL1_p910_HET;batch_1
SRR8160165;TR4PL23_15D;SRR8153824;1828,61;14123,77;11567,89;1211,18;2619,99;JAK2_HET_TET2_pI1105_HET_ASXL1_p910_HET;batch_1
SRR8160166;TR4PL23_15G;SRR8153237;2633,49;44971,98;5836,79;2079,68;5764,67;JAK2_HET_U2AF1_HET;batch_1
SRR8160167;TR4PL23_15H;SRR8153238;2837,13;16074,04;5665,31;1096,96;2667,39;JAK2_HET_U2AF1_HET_TET2_pI1105_HET_ASXL1_p910_HET;batch_1
SRR8160168;TR4PL23_15I;SRR8153239;174,62;21427,49;5662,64;2821,3;4019,66;JAK2_HET_U2AF1_HET_TET2_pI1105_HET_ASXL1_p910_HET;batch_1
SRR8160169;TR4PL23_15K;SRR8153422;5240,66;27093,65;2100,46;717,3;5923,2;JAK2_HET_U2AF1_HET;batch_1
SRR8160170;TR4PL23_15L;SRR8153242;431,54;13832,12;11042,45;1309,16;3538,49;JAK2_HET_U2AF1_HET_TET2_pI1105_HET_ASXL1_p910_HET;batch_1
SRR8160171;TR4PL23_15M;SRR8153243;1061,06;22131,19;37228,43;2311,06;1986,4;JAK2_HET_U2AF1_HET;batch_1
SRR8160172;TR4PL23_15N;SRR8153244;2502,42;20345,41;6326,74;750,26;6322,84;JAK2_HET_U2AF1_HET;batch_1
SRR8160173;TR4PL23_15O;SRR8153245;2484,39;25855,83;12169,87;1611,41;1792,92;JAK2_HET_U2AF1_HET;batch_1
SRR8160174;TR4PL23_17A;SRR8153062;4650,87;24830,64;9193,66;1622,34;2083,81;JAK2_HOM_U2AF1_HET;batch_1
SRR8160175;TR4PL23_17B;SRR8153061;2010,91;18278,07;9569,59;1205,36;669,61;JAK2_HET_U2AF1_HOM_TET2_pI1105_HET_ASXL1_p910_HET;batch_1
SRR8160176;TR4PL23_17C;SRR8153064;1450,99;23769,29;3613,75;565,55;544,07;JAK2_HET_U2AF1_HET_TET2_pI1105_HET_ASXL1_p910_HET;batch_1
SRR8160177;TR4PL23_17D;SRR8153063;370,8;12346,65;6322,42;1722,13;1078,7;JAK2_HET_U2AF1_HET_ASXL1_p897_HET;batch_1
SRR8160178;TR4PL23_17E;SRR8153053;1181,43;27960,11;4984,13;2394,36;7589,15;JAK2_HET_U2AF1_HET_ASXL1_p910_HET;batch_1
SRR8160179;TR4PL23_17F;SRR8153049;3010,22;28300,13;20902,3;2017,89;1667;JAK2_HOM_U2AF1_HET;batch_1
SRR8160180;TR4PL23_17G;SRR8153059;4495,83;24457,9;6149,84;2065,01;1003,75;JAK2_HOM_U2AF1_HET;batch_1
SRR8160181;TR4PL23_17H;SRR8153055;1846,97;17282,62;26203,87;1153,5;1871,34;JAK2_WT;batch_1
SRR8160182;TR4PL23_17I;SRR8153634;5358,12;11699,91;15772,58;2422,5;1594,31;JAK2_HET_U2AF1_HET;batch_1
SRR8160183;TR4PL23_17J;SRR8153633;2900,45;32929,83;8401,39;1318,33;1333,64;JAK2_HET_U2AF1_HET;batch_1
SRR8160184;TR4PL23_17K;SRR8153527;5841,02;26736,27;2742,43;1248,69;1239,67;JAK2_HET_U2AF1_HET;batch_1
SRR8160185;TR4PL23_17L;SRR8153531;2708,51;15960,64;9887,49;215,36;1795,66;JAK2_HET_U2AF1_HET;batch_1
SRR8160186;TR4PL23_17M;SRR8153702;1747,43;18044,37;3569,84;941,65;2226,23;JAK2_HET_U2AF1_HET_ASXL1_p910_HET;batch_1
SRR8160187;TR4PL23_17O;SRR8153694;2620,06;14588,3;8366,31;1907,91;4634,88;JAK2_HET_U2AF1_HET_ASXL1_p910_HET;batch_1
SRR8160188;TR4PL23_19A;SRR8153427;988,36;14326,79;9957,7;1402,87;2293,11;JAK2_HET_U2AF1_HET_ASXL1_p897_HET;batch_1
SRR8160189;TR4PL23_19C;SRR8153364;2038,4;40365,95;19939,81;1114,16;1401,34;JAK2_HET_U2AF1_HET_TET2_pI1105_HET_ASXL1_p910_HET;batch_1
SRR8160190;TR4PL23_19D;SRR8153365;2054,29;36688,11;9564,05;2836,57;5257,94;JAK2_HET_U2AF1_HET_ASXL1_p897_HET;batch_1
SRR8160191;TR4PL23_19E;SRR8153744;7852,29;27581,52;8369,11;1421,74;2836,03;JAK2_HET_U2AF1_HET_TET2_pI1105_HET_ASXL1_p910_HET;batch_1
SRR8160192;TR4PL23_19F;SRR8153388;2856,84;17702,72;16623,09;2339,25;2592,71;JAK2_HOM_U2AF1_HET;batch_1
SRR8160193;TR4PL23_19G;SRR8153742;880,53;40824,68;6999,2;1896,43;3712,58;JAK2_HET_U2AF1_HET_ASXL1_p910_HET;batch_1
SRR8160194;TR4PL23_19H;SRR8153741;5290,38;17622,69;14233,51;1870,35;3414,9;JAK2_HET_U2AF1_HET;batch_1
SRR8160195;TR4PL23_19I;SRR8153748;1665,13;40354,13;3142,7;1224,95;3395,52;JAK2_HET_U2AF1_HET;batch_1
SRR8160196;TR4PL23_19J;SRR8153747;1382,71;18368,15;9038,65;1137,18;1284,58;JAK2_HOM_U2AF1_HET;batch_1
SRR8160197;TR4PL23_19K;SRR8153746;2111,35;14108,48;34258,24;33,45;2333,22;JAK2_HET_U2AF1_HET_ASXL1_p897_HET;batch_1
SRR8160198;TR4PL23_19L;SRR8153745;3717,47;30684,34;4573,07;1129,19;2147,35;JAK2_HET_U2AF1_HET_TET2_pI1105_HET_ASXL1_p910_HET;batch_1
SRR8160199;TR4PL23_19M;SRR8153736;783,9;41642,78;1537,24;1686,74;1817,59;JAK2_HET_U2AF1_HET;batch_1
SRR8160200;TR4PL23_19N;SRR8153735;3384,22;29824,71;4285,94;857,22;6358,07;JAK2_HET_U2AF1_HET_ASXL1_p897_HET;batch_1
SRR8160201;TR4PL23_19P;SRR8153147;1884,79;24206;6337,21;1170,24;5330,88;JAK2_HET_U2AF1_HET_TET2_pI1105_HET_ASXL1_p910_HET;batch_1
SRR8160212;TR4PL23_21A;SRR8153328;1167,83;27744,24;3426,01;1229,64;1955,52;JAK2_HET_U2AF1_HET;batch_1
SRR8160213;TR4PL23_21B;SRR8153327;3551,06;34093,87;3334,78;1423,27;10815,25;JAK2_HET_U2AF1_HET_ASXL1_p910_HET;batch_1
SRR8160214;TR4PL23_21C;SRR8153034;2396,29;14277,12;1764,08;2534,27;1920,01;JAK2_WT_U2AF1_HET_TET2_pI1105_HET_ASXL1_p910_HET;batch_1
SRR8160215;TR4PL23_21D;SRR8153035;1235,46;16128,85;1589,08;2318,37;6266,6;JAK2_HET_U2AF1_HET;batch_1
SRR8160216;TR4PL23_21E;SRR8153032;3521,73;14565,5;2887,36;1597,01;2076,98;JAK2_HET_U2AF1_HET_ASXL1_p897_HET;batch_1
SRR8160217;TR4PL23_21F;SRR8153033;1157,77;21025,2;3458,64;1337,58;5231,13;JAK2_HET_U2AF1_HET_TET2_pI1105_HET_ASXL1_p910_HET;batch_1
SRR8160218;TR4PL23_21G;SRR8153038;2919,01;38660,76;479,03;2592,96;5284,8;JAK2_WT_U2AF1_HET;batch_1
SRR8160219;TR4PL23_21H;SRR8153039;795,06;33057,65;3262,16;1644,85;2418,13;JAK2_WT_U2AF1_HET_ASXL1_p897_HET;batch_1
SRR8160220;TR4PL23_21I;SRR8153036;2999,46;22512,29;3476,02;1167,73;6963,24;JAK2_HET_U2AF1_HET_TET2_pI1105_HET_ASXL1_p910_HET;batch_1
SRR8160221;TR4PL23_21J;SRR8153037;2564,25;27193,19;2938,41;1767,61;-122,33;JAK2_HET_U2AF1_HET;batch_1
SRR8160222;TR4PL23_21K;SRR8153041;3692,54;22127,32;4088,17;1512,43;19553,3;JAK2_HET_U2AF1_HET_ASXL1_p910_HET;batch_1
SRR8160223;TR4PL23_21L;SRR8153042;2527,59;26052,98;2893,03;1430,33;1914,8;JAK2_HET_U2AF1_HET;batch_1
SRR8160224;TR4PL23_21M;SRR8153733;2899,93;31622,32;3385,42;1627,28;6036,53;JAK2_WT_U2AF1_HET;batch_1
SRR8160225;TR4PL23_21N;SRR8153734;3718,82;29757,35;3292,25;1731,9;1571,66;JAK2_HET_U2AF1_HET;batch_1
SRR8160226;TR4PL23_22A;SRR8153027;2190,45;41906,38;3374,68;770,96;7575,91;JAK2_HOM_U2AF1_HET;batch_1
SRR8160227;TR4PL23_22B;SRR8153788;7691,01;35925,02;3372,48;1422,17;1933,79;JAK2_HET_U2AF1_HET;batch_1
SRR8160228;TR4PL23_22C;SRR8153057;4360,71;35276,55;3509,22;2259,88;1393,35;JAK2_HET_U2AF1_HET;batch_1
SRR8160229;TR4PL23_22D;SRR8153738;1259,87;40876,74;3705,37;2090,32;18562,15;JAK2_HET_U2AF1_HET_ASXL1_p910_HET;batch_1
SRR8160230;TR4PL23_22E;SRR8153739;21,6;25089,42;2795,72;850,51;2077,09;JAK2_WT_U2AF1_HET;batch_1
SRR8160231;TR4PL23_22F;SRR8153740;3310,39;11003,24;3906,23;2152,3;2186,5;JAK2_HET_U2AF1_HET;batch_1
SRR8160232;TR4PL23_22G;SRR8153377;3274,06;42820,89;1178,17;528,61;10765,8;JAK2_HET_U2AF1_HET;batch_1
SRR8160233;TR4PL23_22H;SRR8153382;1958,96;21614,92;2289,03;1096,34;3008,54;JAK2_HET_U2AF1_HET;batch_1
SRR8160234;TR4PL23_22I;SRR8153349;2032,32;23974,21;3575,75;1276,61;1283,39;JAK2_HET_U2AF1_HET;batch_1
SRR8160235;TR4PL23_22J;SRR8153348;2478,9;26532,79;3155,66;1902,96;2898,38;JAK2_HET_U2AF1_HET;batch_1
SRR8160236;TR4PL23_22K;SRR8153347;3300;18931,44;3319,19;1044,43;1057,06;JAK2_HET_U2AF1_HET;batch_1
SRR8160237;TR4PL23_22L;SRR8153346;1106,31;28498,1;2576,39;1324,52;2566,1;JAK2_HET_U2AF1_HET;batch_1
SRR8160238;TR4PL23_22M;SRR8153345;5426,33;17140,09;3539,95;1830,34;1563,91;JAK2_HET_U2AF1_HET_ASXL1_p897_HET;batch_1
SRR8160239;TR4PL23_22N;SRR8153344;4750,68;21674,92;2692,59;1656,46;16218,81;JAK2_HET_U2AF1_HET_ASXL1_p910_HET;batch_1
SRR8160240;TR4PL23_23A;SRR8153343;2568,02;13739,46;2864,72;1274,6;4356,42;JAK2_WT_U2AF1_HOM_TET2_pI1105_HET_ASXL1_p910_HET;batch_1
SRR8160241;TR4PL23_23B;SRR8154004;1335,09;27766,79;2589,98;1698,2;7014,03;JAK2_HET_U2AF1_HET_ASXL1_p897_HET;batch_1
SRR8160242;TR4PL23_23C;SRR8154003;5503,46;30963,86;3697,12;1979,92;3515,22;JAK2_HET_U2AF1_HET;batch_1
SRR8160243;TR4PL23_23D;SRR8154002;2567,89;17535,21;4336,92;1123,78;1759,9;JAK2_HET_U2AF1_HET;batch_1
SRR8160244;TR4PL23_23E;SRR8153029;1666,92;25168,45;1779,95;863,58;1982,12;JAK2_HET_U2AF1_HET;batch_1
SRR8160245;TR4PL23_23F;SRR8153030;3627,82;27123,66;4133,74;1530,03;2810,45;JAK2_HET_U2AF1_HET;batch_1
SRR8160246;TR4PL23_23G;SRR8153026;4475,88;27551,48;2840,1;1765,92;4894,33;JAK2_HET_U2AF1_HET_ASXL1_p897_HET;batch_1
SRR8160247;TR4PL23_23K;SRR8153031;2241,29;36243,83;2302,81;1255,4;4594,53;JAK2_HET_U2AF1_HET_TET2_pI1105_HET_ASXL1_p910_HET;batch_1
SRR8160248;TR4PL23_23M;SRR8153608;2745,94;29527,38;2363,45;1751,84;2226,7;JAK2_HOM;batch_1
SRR8160249;TR4PL23_23N;SRR8153609;503,22;18864,87;3407,7;1831,56;4401,45;JAK2_HOM_U2AF1_HET;batch_1
SRR8160250;TR4PL23_24B;SRR8153655;2994,07;35804,09;4259,99;1121,68;8737,37;JAK2_HOM_U2AF1_HET;batch_1
SRR8160251;TR4PL23_24D;SRR8153404;3576,75;20691,88;3080,46;2045,82;1396,2;JAK2_HET_U2AF1_HET;batch_1
SRR8160284;TR4PL23_7A;SRR8153526;1935,19;18569,31;19981,28;1327,27;4906,42;JAK2_HET_U2AF1_HET;batch_1
SRR8160285;TR4PL23_7B;SRR8153016;2508,02;28293,72;10065,99;467,96;2931,57;JAK2_HET_U2AF1_HET_TET2_pI1105_HET_ASXL1_p910_HET;batch_1
SRR8160286;TR4PL23_7C;SRR8153900;1355,05;30262,27;8676,02;2371,72;658,28;JAK2_HET_U2AF1_HET_TET2_pI1105_HET_ASXL1_p910_HET;batch_1
SRR8160287;TR4PL23_7D;SRR8153141;2102,63;18186,17;3008,14;1734,29;1354,21;JAK2_HET_U2AF1_HET;batch_1
SRR8160288;TR4PL23_7E;SRR8153140;8645,34;36062,11;4800,62;2021,48;7311,33;JAK2_HET_U2AF1_HET;batch_1
SRR8160289;TR4PL23_7F;SRR8153135;2017,4;22907,88;5471,02;1977,01;1845,3;JAK2_HET_U2AF1_HET_TET2_pI1105_HET_ASXL1_p910_HET;batch_1
SRR8160290;TR4PL23_7G;SRR8153134;4804,09;26318,59;4406,98;1482,34;3198,48;JAK2_HOM_U2AF1_HET;batch_1
SRR8160291;TR4PL23_7H;SRR8153137;5130,04;17765,13;4452,07;668,53;9134,34;JAK2_WT_U2AF1_HET;batch_1
SRR8160292;TR4PL23_7I;SRR8153136;2211,61;32811,39;6777,75;2484,27;2266,06;JAK2_HET_U2AF1_HOM_TET2_pI1105_HET_ASXL1_p910_HET;batch_1
SRR8160293;TR4PL23_7J;SRR8153025;2529,4;26585,91;6590,78;1272,06;1594,55;JAK2_HOM_U2AF1_HET;batch_1
SRR8160294;TR4PL23_7K;SRR8153024;-463,11;36824,09;304,79;1765,59;1923,42;JAK2_HET_U2AF1_HET_ASXL1_p910_HET;batch_1
SRR8160295;TR4PL23_7L;SRR8153937;1572,71;20487,32;9495,24;2031,35;1641,36;JAK2_HET_U2AF1_HET;batch_1
SRR8160296;TR4PL23_7M;SRR8153938;496,19;19304,35;7531,55;342,8;52,85;JAK2_HET_U2AF1_HET_TET2_pI1105_HET_ASXL1_p910_HOM;batch_1
SRR8160297;TR4PL23_7N;SRR8153122;3313,69;14862,07;13016,52;778,6;5019,97;JAK2_HET_U2AF1_HET_TET2_pI1105_HET_ASXL1_p910_HET;batch_1
SRR8160298;TR4PL23_7O;SRR8153940;3157,79;21938,39;21013,33;1435,53;1111,4;JAK2_HET_U2AF1_HET_ASXL1_p897_HET;batch_1
SRR8160299;TR4PL23_9C;SRR8153943;4632,78;37895,17;2389,69;1439,47;1498,85;JAK2_HET_U2AF1_HET;batch_1
SRR8160300;TR4PL23_9D;SRR8153944;3400,8;24464,28;2146,46;1024,61;9255,18;JAK2_HET_U2AF1_HET;batch_1
SRR8160301;TR4PL23_9E;SRR8153933;7777,25;18915,69;39839,13;2445,38;7266,73;JAK2_HET_U2AF1_HET;batch_1
SRR8160302;TR4PL23_9F;SRR8153934;2585,33;26077,34;7677,24;1551,46;3464,69;JAK2_HET_U2AF1_HET_TET2_pI1105_HET_ASXL1_p910_HET;batch_1
SRR8160303;TR4PL23_9G;SRR8153566;4171,63;14776,36;7135,35;1752,75;799,37;JAK2_HET_U2AF1_HET_TET2_pI1105_HET_ASXL1_p910_HET;batch_1
SRR8160304;TR4PL23_9H;SRR8153565;3474,36;17669,85;9695,41;1729,55;2046,47;JAK2_HET_U2AF1_HET;batch_1
SRR8160305;TR4PL23_9I;SRR8153564;5742,64;16299,49;6140;2789,47;2721,56;JAK2_HET_U2AF1_HET_TET2_pI1105_HET_ASXL1_p910_HET;batch_1
SRR8160306;TR4PL23_9J;SRR8153563;3270,36;16197,4;1103,07;2013,55;1690,4;JAK2_HET_U2AF1_HET_TET2_pI1105_HET_ASXL1_p910_HET;batch_1
SRR8160307;TR4PL23_9M;SRR8153560;830,82;17239,57;6773,53;1362,93;614,45;JAK2_HET_U2AF1_HET_TET2_pI1105_HOM_ASXL1_p910_HET;batch_1
SRR8160308;TR4PL23_9N;SRR8153559;3106;16370,85;24601,68;2289,04;12640,25;JAK2_HET_U2AF1_HET;batch_1
SRR8160309;TR4PL23_9O;SRR8153568;491,05;20564,37;6276,46;769,16;1296,99;JAK2_HET_U2AF1_HET_TET2_pI1105_HET_ASXL1_p910_HET;batch_1
SRR8160310;TR4PL23_9P;SRR8153567;3792,21;35394,78;4634,45;1808,75;7072,93;JAK2_HET_U2AF1_HET_ASXL1_p897_HET;batch_1
SRR8160311;TR4PL24_11A;SRR8153906;4454,63;33221,26;4128,76;1145,76;2055,83;JAK2_HET_U2AF1_HET;batch_1
SRR8160312;TR4PL24_11C;SRR8153901;171,5;28560,06;8834,64;1330,29;894,8;JAK2_HET_U2AF1_HET;batch_1
SRR8160313;TR4PL24_11D;SRR8153899;3823,77;18902,71;3118,72;1725,59;1809,62;JAK2_HET_U2AF1_HET_TET2_pI1105_HET_ASXL1_p910_HET;batch_1
SRR8160314;TR4PL24_11E;SRR8153918;5750,65;12474,65;9252,76;2059,1;8217,33;JAK2_HET_U2AF1_HET_TET2_pI1105_HET_ASXL1_p910_HET;batch_1
SRR8160315;TR4PL24_11F;SRR8153917;3592,43;15960,38;29428,78;1714,67;1964,6;JAK2_WT;batch_1
SRR8160316;TR4PL24_11G;SRR8153916;4740,57;15562,02;12133,53;1473,4;2445,48;JAK2_HET_U2AF1_HET_TET2_pI1105_HET_ASXL1_p910_HET;batch_1
SRR8160317;TR4PL24_11H;SRR8153911;3562,37;16370,94;7038,98;1239,07;2867,83;JAK2_HOM_U2AF1_HET;batch_1
SRR8160318;TR4PL24_11I;SRR8153403;1574,9;19361,74;20750,9;2111,82;678,11;JAK2_HET_U2AF1_HET_TET2_pI1105_HET_ASXL1_p910_HET;batch_1
SRR8160319;TR4PL24_11J;SRR8153402;1616,43;13718,6;13940,88;1549,88;1579,59;JAK2_HET_U2AF1_HET_TET2_pI1105_HET_ASXL1_p910_HET;batch_1
SRR8160320;TR4PL24_11K;SRR8153553;3700,73;13461,23;25300,88;2088,14;2658,34;JAK2_HET_U2AF1_HET;batch_1
SRR8160321;TR4PL24_11L;SRR8153555;3619,71;22008,66;16492,79;1444,43;2008,02;JAK2_HET;batch_1
SRR8160322;TR4PL24_11P;SRR8153546;2865,1;34780,96;3781,47;252,45;1860,71;JAK2_HOM_U2AF1_HET;batch_1
SRR8160323;TR4PL24_13A;SRR8153547;5749,3;32707,6;9017,4;2765,75;3885,9;JAK2_HOM_U2AF1_HET;batch_1
SRR8160324;TR4PL24_13B;SRR8153549;5355,72;25271,54;17352,24;1539,83;1904,25;JAK2_HET_U2AF1_HET_ASXL1_p910_HET;batch_1
SRR8160325;TR4PL24_13C;SRR8153551;-374,99;27796,08;18802,54;3423,05;1296,29;JAK2_HET_U2AF1_HET;batch_1
SRR8160326;TR4PL24_13D;SRR8153774;2490,49;25691,11;4662,19;1594,44;17633,03;JAK2_HET_U2AF1_HET;batch_1
SRR8160327;TR4PL24_13E;SRR8153775;1931,02;28241,14;15805,3;1199,66;2851,96;JAK2_HET_U2AF1_HET_ASXL1_p910_HET;batch_1
SRR8160328;TR4PL24_13F;SRR8153587;5030,5;22983,15;17461,57;2059,18;2180,22;JAK2_HET_U2AF1_HET_ASXL1_p897_HET;batch_1
SRR8160329;TR4PL24_13G;SRR8153585;3783,39;15239,71;21611,44;1619,62;1297,88;JAK2_HET_U2AF1_HET_TET2_pI1105_HET_ASXL1_p910_HET;batch_1
SRR8160330;TR4PL24_13H;SRR8153289;4885,95;19943,71;12461,95;1519,95;1218,11;JAK2_HET_U2AF1_HET;batch_1
SRR8160331;TR4PL24_13J;SRR8153288;7048,28;29718;11448,66;2171,83;72812,23;JAK2_HET_U2AF1_HET;batch_1
SRR8160332;TR4PL24_13K;SRR8153283;2106,61;28408,62;4403,59;1377,69;4616,26;JAK2_HET_U2AF1_HET;batch_1
SRR8160333;TR4PL24_13M;SRR8153282;2152,12;28079,47;11047,63;6694,21;2334,5;JAK2_HOM_U2AF1_HET;batch_1
SRR8160334;TR4PL24_13N;SRR8153582;947,85;9303,99;6021,51;1356,54;1218,89;JAK2_WT;batch_1
SRR8160335;TR4PL24_13O;SRR8153579;-266,12;27946,7;10850,5;1145,7;4954,02;JAK2_HET_U2AF1_HET;batch_1
SRR8160336;TR4PL24_13P;SRR8153342;3886,38;24783,1;4941,5;1332,38;2287,76;JAK2_HET_U2AF1_HET;batch_1
SRR8160337;TR4PL24_15A;SRR8153329;1581,13;40653,19;2144,99;712,19;1897,17;JAK2_HET_U2AF1_HET_TET2_pI1105_HET_ASXL1_p910_HET;batch_1
SRR8160338;TR4PL24_15B;SRR8153258;2991,62;21559,34;11558,64;726,89;3556,03;JAK2_HET_U2AF1_HET;batch_1
SRR8160339;TR4PL24_15C;SRR8153803;5805,36;17087,89;11723,02;2368,55;1776,34;JAK2_HET_U2AF1_HET;batch_1
SRR8160340;TR4PL24_15D;SRR8153676;2339,63;13402,96;10457,34;1603,46;1655,18;JAK2_HET_U2AF1_HET_ASXL1_p910_HET;batch_1
SRR8160341;TR4PL24_15G;SRR8153674;2400,96;10918,49;32944,64;1126,21;3004,62;JAK2_HET_U2AF1_HET;batch_1
SRR8160342;TR4PL24_15I;SRR8153675;701,22;14409,4;12385,99;1668,6;-169,09;JAK2_HET_U2AF1_HET_ASXL1_p897_HET;batch_1
SRR8160343;TR4PL24_15J;SRR8153672;1507,35;28720,77;3670,02;2075,14;1639,27;JAK2_HET_ASXL1_p897_HET;batch_1
SRR8160344;TR4PL24_15K;SRR8153673;2545,91;17082,5;12591,57;1199,17;3322,52;JAK2_HET_U2AF1_HET_TET2_pI1105_HET_ASXL1_p910_HET;batch_1
SRR8160345;TR4PL24_15L;SRR8153018;5583,6;25790,29;8803,25;1595,64;1769,99;JAK2_HOM_U2AF1_HET;batch_1
SRR8160346;TR4PL24_15M;SRR8153999;1691,11;24896,87;3912,88;1558,46;2191,78;JAK2_HET_U2AF1_HET;batch_1
SRR8160347;TR4PL24_15N;SRR8153305;2511,22;38093,74;9937,55;2927,92;3563,12;JAK2_HET_U2AF1_HET_TET2_pI1105_HET_ASXL1_p910_HET;batch_1
SRR8160348;TR4PL24_15O;SRR8153304;2187,87;32832,93;10727,27;1077,75;354,75;JAK2_HET_U2AF1_HET;batch_1
SRR8160349;TR4PL24_15P;SRR8153302;4146,46;17957,91;3537,96;594,84;13696,96;JAK2_HET_U2AF1_HET;batch_1
SRR8160350;TR4PL24_17A;SRR8153301;3202,42;24846,37;27007,25;1457,27;2922,7;JAK2_HOM_U2AF1_HET;batch_1
SRR8160351;TR4PL24_17B;SRR8153299;1693,91;27524,14;16915,43;1392,06;4093,11;JAK2_HOM_U2AF1_HET;batch_1
SRR8160352;TR4PL24_17C;SRR8153298;2426,3;20352,68;5208,2;1119,6;1038,75;JAK2_HET_U2AF1_HET;batch_1
SRR8160353;TR4PL24_17D;SRR8153784;247,86;19307,05;13204,07;2719,68;2342,58;JAK2_HET_U2AF1_HET;batch_1
SRR8160354;TR4PL24_17E;SRR8153763;1944,22;10184,47;17812,23;96,57;1207,42;JAK2_HET_U2AF1_HET;batch_1
SRR8160355;TR4PL24_17F;SRR8153507;-295,44;21013,89;7638,62;1305,09;1598,73;JAK2_HET_U2AF1_HET;batch_1
SRR8160356;TR4PL24_17G;SRR8153506;5390,47;25619,06;11036,78;1596,39;2264,96;JAK2_HET_U2AF1_HET;batch_1
SRR8160357;TR4PL24_17I;SRR8153924;-73,63;20545,59;13045,58;1636,44;664,41;JAK2_HET_U2AF1_HET;batch_1
SRR8160358;TR4PL24_17J;SRR8153925;1946,12;17264,25;8355,99;1619,63;1435,09;JAK2_HET_U2AF1_HET_ASXL1_p910_HET;batch_1
SRR8160359;TR4PL24_17K;SRR8153927;631,98;24666,14;9336,28;1043,86;2107,2;JAK2_HET_U2AF1_HET;batch_1
SRR8160360;TR4PL24_17L;SRR8153884;2249,61;16234,57;30789,85;2883,59;3681,57;JAK2_HET_U2AF1_HET;batch_1
SRR8160361;TR4PL24_17M;SRR8153885;2386,18;13481,38;9936,56;2444,42;880,23;JAK2_HOM_U2AF1_HET;batch_1
SRR8160362;TR4PL24_17N;SRR8153886;1893,39;9369,16;11572,85;2283,81;1271,31;JAK2_HET_U2AF1_HET_TET2_pI1105_HET_ASXL1_p910_HET;batch_1
SRR8160363;TR4PL24_17O;SRR8153887;685,72;26032,75;36123,16;1959,23;2748,97;JAK2_HET_U2AF1_HET;batch_1
SRR8160364;TR4PL24_19A;SRR8153647;4690,94;14722,72;12331,87;3142,04;2047,83;JAK2_HET_U2AF1_HET_TET2_pI1105_HET_ASXL1_p910_HET;batch_1
SRR8160365;TR4PL24_19B;SRR8153726;1123,49;20887,26;8534,58;1276,51;1331,92;JAK2_HET_U2AF1_HET;batch_1
SRR8160366;TR4PL24_19C;SRR8153725;2019,2;22756,99;6481,87;1993,22;10229,29;JAK2_HET_U2AF1_HET_TET2_pI1105_HET_ASXL1_p910_HET;batch_1
SRR8160367;TR4PL24_19D;SRR8153728;1054,88;21475,94;6107,05;1209,57;352,72;JAK2_HET_U2AF1_HET;batch_1
SRR8160368;TR4PL24_19E;SRR8153727;1763,8;25287,52;8412,44;746,97;1715,33;JAK2_HET_U2AF1_HET_TET2_pI1105_HET_ASXL1_p910_HET;batch_1
SRR8160369;TR4PL24_19F;SRR8153730;3623,56;13459;31432,77;1710,32;2658,99;JAK2_HET_U2AF1_HET_ASXL1_p910_HET;batch_1
SRR8160370;TR4PL24_19H;SRR8153732;1146,46;16722,99;25126,11;1438,78;1803,49;JAK2_HET_U2AF1_HET;batch_1
SRR8160371;TR4PL24_19I;SRR8153731;3643,92;25670,4;6337,01;1062,01;14832,82;JAK2_HET_U2AF1_HET_ASXL1_p897_HET;batch_1
SRR8160372;TR4PL24_19J;SRR8153724;1721,23;13904,03;10968,96;1323,39;2955,11;JAK2_HET_U2AF1_HET;batch_1
SRR8160373;TR4PL24_19K;SRR8153723;1259,76;19893,79;10976,61;1366,29;2116,29;JAK2_HET_U2AF1_HET_ASXL1_p910_HET;batch_1
SRR8160374;TR4PL24_19M;SRR8153128;2296,56;26581,78;7903,55;1730,21;7693,97;JAK2_HET_U2AF1_HET_TET2_pI1105_HET_ASXL1_p910_HET;batch_1
SRR8160375;TR4PL24_19N;SRR8153129;864,48;21018,22;4494,19;1498,25;3744,84;JAK2_HET_U2AF1_HET;batch_1
SRR8160376;TR4PL24_19O;SRR8153126;1636,93;34926,86;4763,99;1644,95;1946,92;JAK2_HET_U2AF1_HET_ASXL1_p910_HET;batch_1
SRR8160377;TR4PL24_19P;SRR8153127;2696,82;18926,09;17027,28;1930,95;3871,71;JAK2_HET_U2AF1_HET;batch_1
SRR8160378;TR4PL24_21A;SRR8153132;4927,83;32919,65;1476,62;1305,66;16997,3;JAK2_HET_U2AF1_HET_ASXL1_p910_HET;batch_1
SRR8160379;TR4PL24_21B;SRR8153133;3073,64;40619,93;3654,44;1790,36;2514,72;JAK2_HET_U2AF1_HOM;batch_1
SRR8160380;TR4PL24_21C;SRR8153130;4272,14;40815,42;3168,83;1162,8;4632,79;JAK2_HET_U2AF1_HET_ASXL1_p910_HET;batch_1
SRR8160381;TR4PL24_21D;SRR8153131;2000,6;21968,09;2604,25;761,14;2775,17;JAK2_HET_U2AF1_HET_ASXL1_p897_HET;batch_1
SRR8160382;TR4PL24_21E;SRR8153123;4356,67;42300,97;1412,44;1742,19;2075,83;JAK2_HET_U2AF1_HET;batch_1
SRR8160383;TR4PL24_21F;SRR8153124;2604,24;27004,07;1563,97;959,45;14076,11;JAK2_HET_U2AF1_HET;batch_1
SRR8160384;TR4PL24_21G;SRR8153022;2368,96;22544,23;2612,66;1802,77;1504,08;JAK2_HET_U2AF1_HET;batch_1
SRR8160385;TR4PL24_21H;SRR8153020;3302,54;21080,64;2520,62;2097,31;5871,85;JAK2_HET_U2AF1_HOM;batch_1
SRR8160386;TR4PL24_21I;SRR8153019;2713,56;29058,98;3458,37;1130,05;3622,62;JAK2_HOM_U2AF1_HET;batch_1
SRR8160387;TR4PL24_21K;SRR8153613;1301,5;22842,5;2387,55;1615,87;2872,08;JAK2_HET_U2AF1_HET_ASXL1_p897_HET;batch_1
SRR8160388;TR4PL24_21M;SRR8153023;1566,21;22293,53;3213,74;1655;3479,98;JAK2_HET_U2AF1_HET_TET2_pI1105_HET_ASXL1_p910_HET;batch_1
SRR8160389;TR4PL24_22C;SRR8153611;3934,86;27389,41;1888,92;1613,42;27139,14;JAK2_HET_U2AF1_HET_ASXL1_p897_HET;batch_1
SRR8160390;TR4PL24_22D;SRR8153610;1116,74;34337,27;3690,22;1011,1;3492,45;JAK2_HET_U2AF1_HET_ASXL1_p910_HET;batch_1
SRR8160391;TR4PL24_22E;SRR8153259;1391,25;28758,23;1415,46;1572,17;5009,39;JAK2_HET_U2AF1_HET;batch_1
SRR8160392;TR4PL24_22F;SRR8153220;2880,87;36402,47;1825,03;2456,17;1245,54;JAK2_HET_U2AF1_HET;batch_1
SRR8160393;TR4PL24_22G;SRR8154000;2282,32;27966,05;1587,55;1377,28;1419,8;JAK2_HET_U2AF1_HET;batch_1
SRR8160394;TR4PL24_22H;SRR8154001;801,91;28955,26;2151,85;1578,06;864,76;JAK2_HOM_U2AF1_HET;batch_1
SRR8160395;TR4PL24_22I;SRR8153338;722,97;32799,53;2356,49;1287,61;1509,88;JAK2_HET_U2AF1_HET_TET2_pI1105_HET_ASXL1_p910_HET;batch_1
SRR8160396;TR4PL24_22J;SRR8153340;184,05;26133,42;3614,28;1593,9;9091,6;JAK2_HET_U2AF1_HET;batch_1
SRR8160397;TR4PL24_22K;SRR8153996;3314,23;18551,75;3490,76;1129,41;3840,48;JAK2_HET_U2AF1_HET;batch_1
SRR8160398;TR4PL24_22L;SRR8153997;3287,88;22225,31;3493,17;1769,54;4527,58;JAK2_HET_U2AF1_HET_ASXL1_p910_HET;batch_1
SRR8160399;TR4PL24_22M;SRR8153998;3169,56;31925,62;2454,06;2982,7;2298,87;JAK2_HET_U2AF1_HET;batch_1
SRR8160400;TR4PL24_22N;SRR8153785;5440,66;37243,25;3054,63;1688,27;5101,87;JAK2_WT_U2AF1_HET;batch_1
SRR8160401;TR4PL24_23A;SRR8153680;1506,56;20420,67;3735,9;1730,42;2454,54;JAK2_HET_U2AF1_HET;batch_1
SRR8160402;TR4PL24_23B;SRR8153681;1982,07;15984,53;1715,33;1405,22;2177,92;JAK2_HET_U2AF1_HET_ASXL1_p910_HET;batch_1
SRR8160403;TR4PL24_23C;SRR8153047;2999,94;30456,46;2079,57;1562,31;355,01;JAK2_HET_U2AF1_HET;batch_1
SRR8160404;TR4PL24_23D;SRR8153048;2299,25;42798,68;2242,36;1871,63;1293,19;JAK2_HET_U2AF1_HET;batch_1
SRR8160405;TR4PL24_23E;SRR8153045;1546,37;20431,58;3395,39;1771,54;2781,76;JAK2_HET_U2AF1_HET_TET2_pI1105_HET_ASXL1_p910_HET;batch_1
SRR8160406;TR4PL24_23F;SRR8153046;2431,51;27593,52;3421,72;1470,23;4175,86;JAK2_HOM_U2AF1_HET;batch_1
SRR8160407;TR4PL24_23I;SRR8153902;4474,68;30665,28;3670,93;2795,77;19816,35;JAK2_HET_U2AF1_HET;batch_1
SRR8160408;TR4PL24_23K;SRR8153919;1002,65;30529,02;2522,34;1521,63;1419,27;JAK2_HET_U2AF1_HET_TET2_pI1105_HET_ASXL1_p910_HET;batch_1
SRR8160409;TR4PL24_23M;SRR8153331;3775,92;24199,84;2236,08;2176,02;1113,31;JAK2_HET_U2AF1_HET_TET2_pI1105_HET_ASXL1_p910_HET;batch_1
SRR8160410;TR4PL24_24A;SRR8153333;5530,18;19712,56;2855,7;1045,79;4644,23;JAK2_HET_U2AF1_HET_TET2_pI1105_HET_ASXL1_p910_HET;batch_1
SRR8160411;TR4PL24_24B;SRR8153332;2914,72;20455,28;2912,47;1278,24;2428,42;JAK2_HET_U2AF1_HET_TET2_pI1105_HET_ASXL1_p910_HET;batch_1
SRR8160412;TR4PL24_24C;SRR8153335;3634,68;26208,01;2432,46;1803,93;3573,7;JAK2_HOM_U2AF1_HET;batch_1
SRR8160413;TR4PL24_24D;SRR8153334;4486,03;33584,39;2280,46;1691,65;3161,58;JAK2_HET_U2AF1_HET;batch_1
SRR8160414;TR4PL24_24F;SRR8153337;2264,89;36203,66;2833,79;1371,67;3584,96;JAK2_HET_U2AF1_HET;batch_1
SRR8160415;TR4PL24_24H;SRR8153339;3877,09;10047,39;2832,52;2527,42;2713,17;JAK2_HET_U2AF1_HET;batch_1
SRR8160416;TR4PL24_24J;SRR8153799;2885,66;24933,69;3262,24;2203,89;9334,66;JAK2_HET_U2AF1_HET_ASXL1_p897_HET;batch_1
SRR8160417;TR4PL24_24L;SRR8153801;2400,96;41441,44;2650,14;2306,19;5300,28;JAK2_HET_U2AF1_HET_ASXL1_p910_HET;batch_1
SRR8160418;TR4PL24_24N;SRR8153300;3894,19;23358,31;3403,01;1511,62;5264,45;JAK2_HET_U2AF1_HET_TET2_pI1105_HET_ASXL1_p910_HET;batch_1
SRR8160419;TR4PL24_7B;SRR8153804;731,22;13515,8;13586,66;2776,64;2851,07;JAK2_HET_U2AF1_HET_ASXL1_p910_HET;batch_1
SRR8160420;TR4PL24_7C;SRR8153805;1617,09;19269,94;2209,86;1931,85;1562,62;JAK2_HET_U2AF1_HET;batch_1
SRR8160421;TR4PL24_7D;SRR8153806;2253,66;17870,91;13407,55;2497,14;2143,97;JAK2_HET_U2AF1_HET;batch_1
SRR8160422;TR4PL24_7E;SRR8153795;226,43;20271,97;29639,4;2720,81;2505,11;JAK2_HET_U2AF1_HET_TET2_pI1105_HET_ASXL1_p910_HET;batch_1
SRR8160423;TR4PL24_7F;SRR8153796;3363,74;16144,86;5022,5;2293,2;1971,46;JAK2_HET_U2AF1_HET;batch_1
SRR8160424;TR4PL24_7G;SRR8153436;2311,76;9216,76;31238,03;1024,74;5416,59;JAK2_HET_U2AF1_HET_TET2_pI1105_HET_ASXL1_p910_HET;batch_1
SRR8160425;TR4PL24_7H;SRR8153435;5325,84;35785,71;10567,66;2285,54;6084,61;JAK2_HET_U2AF1_HET_ASXL1_p910_HET;batch_1
SRR8160426;TR4PL24_7I;SRR8153434;1649,89;23680,79;15125,29;2847,68;4165,11;JAK2_HET_U2AF1_HET_TET2_pI1105_HET_ASXL1_p910_HET;batch_1
SRR8160427;TR4PL24_7J;SRR8153433;3012,02;18825,66;1919,52;1693,82;3039,92;JAK2_HET_U2AF1_HET;batch_1
SRR8160428;TR4PL24_7K;SRR8153432;1179,77;32623,47;5719,8;1880,65;2495,92;JAK2_HET_U2AF1_HET_ASXL1_p910_HET;batch_1
SRR8160429;TR4PL24_7L;SRR8153431;4345,41;23475,57;7720,97;1673,92;3199;JAK2_HET_U2AF1_HET;batch_1
SRR8160430;TR4PL24_9C;SRR8153440;1490,62;14530,16;11154,63;1592,16;2475,07;JAK2_HET_U2AF1_HET_TET2_pI1105_HET_ASXL1_p910_HET;batch_1
SRR8160431;TR4PL24_9D;SRR8153439;1520,13;25232,71;12455,81;3245,75;4376,94;JAK2_HET_U2AF1_HET;batch_1
SRR8160432;TR4PL24_9G;SRR8153578;335,71;26415,28;4306,37;1893,43;1308,63;JAK2_HET_U2AF1_HET;batch_1
SRR8160433;TR4PL24_9H;SRR8153575;1890,1;22121,56;5427,56;2042,27;3922,95;JAK2_HET_U2AF1_HET_ASXL1_p897_HET;batch_1
SRR8160434;TR4PL24_9I;SRR8153576;3073,39;32127,9;6008,68;2054,52;2294,32;JAK2_HET_U2AF1_HET_TET2_pI1105_HET_ASXL1_p910_HET;batch_1
SRR8160435;TR4PL24_9J;SRR8153573;2350,17;15216,58;56250,23;2077,2;4104,13;JAK2_HET_U2AF1_HET;batch_1
SRR8160436;TR4PL24_9M;SRR8153571;2430,83;11761,69;7307;2157,63;1215,93;JAK2_HET_ASXL1_p897_HET;batch_1
SRR8160437;TR4PL24_9N;SRR8153572;2646,52;14489,44;17202,41;2461,22;3661,7;JAK2_HET_U2AF1_HET_TET2_pI1105_HET_ASXL1_p910_HET;batch_1
SRR8160438;TR4PL24_9O;SRR8153569;1718,2;23990,47;11531,35;2276,99;1802,98;JAK2_HET_U2AF1_HET;batch_1
SRR8162280;TR4PL47_11A;SRR8152498;1289,16;31684,63;14814,75;1358,78;833,37;JAK2_HET_U2AF1_HET_ASXL1_p897_HET;batch_4
SRR8162281;TR4PL47_11B;SRR8152497;1821,18;38230,29;10573,37;1427,58;844,1;JAK2_HET_U2AF1_HET_TET2_pI1105_HET_ASXL1_p910_HET;batch_4
SRR8162282;TR4PL47_11D;SRR8152499;1277,07;32938,02;14691,85;790,81;11396,36;JAK2_HET_U2AF1_HET_ASXL1_p897_HET;batch_4
SRR8162283;TR4PL47_11E;SRR8152502;3767,48;19272,41;2800,46;1463,65;820,9;JAK2_HET_U2AF1_HET;batch_4
SRR8162284;TR4PL47_11F;SRR8152501;1040,97;21615,56;13793,97;1235,23;467,61;JAK2_HET_U2AF1_HET_TET2_pI1105_HET_ASXL1_p910_HET;batch_4
SRR8162285;TR4PL47_11G;SRR8152877;1628,46;27724,63;4172,47;1205,18;2699,66;JAK2_HET_U2AF1_HET_ASXL1_p897_HET;batch_4
SRR8162286;TR4PL47_11H;SRR8152878;4718,69;17120,81;9033,91;908,8;368,5;JAK2_HET_U2AF1_HET_ASXL1_p910_HET;batch_4
SRR8162287;TR4PL47_11I;SRR8152875;2542,77;27232;2673,8;438,52;15134,79;JAK2_HET_U2AF1_HET_TET2_pI1105_HET_ASXL1_p910_HET;batch_4
SRR8162288;TR4PL47_11J;SRR8152876;3257,96;29347,6;1938,12;1653,73;16804,4;JAK2_HET_U2AF1_HET;batch_4
SRR8162289;TR4PL47_11K;SRR8152881;2869,98;16173,75;1789,93;1605,37;590,24;JAK2_HET_U2AF1_HET;batch_4
SRR8162290;TR4PL47_11L;SRR8152882;3394,96;26102,39;2742,13;1925,57;3590,76;JAK2_HET_U2AF1_HET_TET2_pI1105_HET_ASXL1_p910_HET;batch_4
SRR8162291;TR4PL47_11M;SRR8152879;1963,43;23953,25;2648,89;635,56;5577,66;JAK2_HET_U2AF1_HET_TET2_pI1105_HET_ASXL1_p910_HET;batch_4
SRR8162292;TR4PL47_11N;SRR8152880;1215,99;40083,95;3120,7;843,93;4712,66;JAK2_HET_U2AF1_HET_TET2_pI1105_HET_ASXL1_p910_HET;batch_4
SRR8162293;TR4PL47_11O;SRR8152883;1656,06;13334,02;47,28;776,62;2247,05;JAK2_HET_U2AF1_HET;batch_4
SRR8162294;TR4PL47_11P;SRR8152884;1063,2;32991,49;1088,37;650,27;755,6;JAK2_HET_U2AF1_HET_ASXL1_p910_HET;batch_4
SRR8162295;TR4PL47_13B;SRR8152263;2114,73;31906,47;4765,97;1614,52;2442,79;JAK2_HET_U2AF1_HET;batch_4
SRR8162296;TR4PL47_13C;SRR8152262;1461,36;21063,65;7845,74;1484,94;6910,43;JAK2_HET_U2AF1_HET_TET2_pI1105_HET_ASXL1_p910_HET;batch_4
SRR8162297;TR4PL47_13D;SRR8152261;3273,89;33427,05;3312,04;1668,49;3660,45;JAK2_HOM_U2AF1_HET;batch_4
SRR8162298;TR4PL47_13E;SRR8152260;823,46;41816,96;5001,55;1206,2;67484,63;JAK2_HET_U2AF1_HET_ASXL1_p910_HET;batch_4
SRR8162299;TR4PL47_13F;SRR8152378;3427,1;38082,63;2976,24;1386,97;10569;JAK2_HET_U2AF1_HET_ASXL1_p910_HET;batch_4
SRR8162300;TR4PL47_13G;SRR8152098;2272,76;18226,25;1613,72;1598,01;1056,61;JAK2_HET_U2AF1_HET;batch_4
SRR8162301;TR4PL47_13I;SRR8152126;2878,38;24006,92;3587,87;530,29;14516,46;JAK2_HET_U2AF1_HET;batch_4
SRR8162302;TR4PL47_13J;SRR8152121;-250,24;40705,55;2804,78;589,58;19751,42;JAK2_HET_U2AF1_HET;batch_4
SRR8162303;TR4PL47_13K;SRR8152514;5373,72;19322,32;2590,54;1130,76;48621,49;JAK2_HET_U2AF1_HET_TET2_pI1105_HET_ASXL1_p910_HET;batch_4
SRR8162304;TR4PL47_13L;SRR8152772;-1447,37;40600,38;3654,15;588,02;1639,21;JAK2_HET_U2AF1_HET_TET2_pI1105_HET_ASXL1_p910_HET;batch_4
SRR8162305;TR4PL47_13M;SRR8151972;1629,87;19721,56;3074,27;1433,03;1663,39;JAK2_HET_U2AF1_HET_TET2_pI1105_HET_ASXL1_p910_HET;batch_4
SRR8162306;TR4PL47_13N;SRR8151973;907,02;35463,54;506,82;1275,3;14652,99;JAK2_HET_U2AF1_HET;batch_4
SRR8162307;TR4PL47_13O;SRR8152692;1976,32;22942,32;1277,41;972,89;4159,32;JAK2_HET_U2AF1_HET;batch_4
SRR8162308;TR4PL47_13P;SRR8151975;3028,03;38397,34;3590,36;1125,58;42162,89;JAK2_HET_U2AF1_HET;batch_4
SRR8162336;TR4PL47_19A;SRR8152609;4880,5;33274,98;5865,25;2796,7;2273,45;JAK2_WT_U2AF1_HET;batch_4
SRR8162337;TR4PL47_19B;SRR8151959;6935,18;34268,63;14704,42;1101,14;8385,22;JAK2_HET_U2AF1_HET_TET2_pI1105_HET_ASXL1_p910_HET;batch_4
SRR8162338;TR4PL47_19E;SRR8152022;944,98;20905,54;3343,95;1237,74;3191,35;JAK2_HET_U2AF1_HET;batch_4
SRR8162339;TR4PL47_19F;SRR8152002;1662,29;19246,18;5700,07;744,02;2030,52;JAK2_HET_U2AF1_HET;batch_4
SRR8162340;TR4PL47_19G;SRR8152530;1773,87;20541,12;7252,41;1718,87;1982,85;JAK2_HOM_U2AF1_HET;batch_4
SRR8162341;TR4PL47_19H;SRR8152531;1266,03;20552,05;16023,38;616,57;1688,31;JAK2_HET_U2AF1_HET;batch_4
SRR8162342;TR4PL47_19I;SRR8152532;3868,44;15015,97;3121,81;1131,79;1146,2;JAK2_HET_U2AF1_HET;batch_4
SRR8162343;TR4PL47_19J;SRR8152533;1001,51;17844,83;3158,73;1562,08;804,59;JAK2_HET_U2AF1_HET;batch_4
SRR8162344;TR4PL47_19K;SRR8152526;2213,54;28724,47;2659,68;993,26;8269,9;JAK2_HET_U2AF1_HET_ASXL1_p910_HET;batch_4
SRR8162345;TR4PL47_19M;SRR8152528;-279,54;34249,36;1583,1;1066,16;36588,43;JAK2_HET_U2AF1_HET_ASXL1_p897_HET;batch_4
SRR8162346;TR4PL47_19N;SRR8152529;357,29;39337,82;3408,97;1245,5;1167,43;JAK2_HET_U2AF1_HET_ASXL1_p910_HET;batch_4
SRR8162347;TR4PL47_19P;SRR8152442;-282,47;28808,04;2514,57;1638;1468,23;JAK2_HET_U2AF1_HET;batch_4
SRR8162348;TR4PL47_1A;SRR8152907;690,07;38483,29;10982,08;1103,75;8877,7;JAK2_HET_U2AF1_HET;batch_4
SRR8162349;TR4PL47_1B;SRR8152906;-194,66;20604,23;25967,48;968,31;3615,76;JAK2_HET_U2AF1_HET;batch_4
SRR8162350;TR4PL47_1C;SRR8152909;1784,38;21143,65;6676,24;440,58;6420,4;JAK2_WT;batch_4
SRR8162351;TR4PL47_1D;SRR8152908;2476,84;25655,46;5199,1;968,23;4190,04;JAK2_HET_U2AF1_HET;batch_4
SRR8162352;TR4PL47_1E;SRR8152911;638,12;16337,04;14043,01;1164,58;8290,26;JAK2_HET_U2AF1_HET_ASXL1_p897_HET;batch_4
SRR8162353;TR4PL47_1F;SRR8152910;390,23;36771,03;9565,01;811,75;4301,38;JAK2_HET_U2AF1_HET;batch_4
SRR8162354;TR4PL47_1G;SRR8152913;1586,21;20846,85;2701,52;1699,06;4423,64;JAK2_HET_U2AF1_HET;batch_4
SRR8162355;TR4PL47_1H;SRR8152912;1931,38;32271,61;4397,64;1070,47;696,65;JAK2_HET_U2AF1_HET_ASXL1_p910_HET;batch_4
SRR8162356;TR4PL47_1I;SRR8152903;4514,49;19153,49;11234,65;1425,63;2650,22;JAK2_HET_U2AF1_HET;batch_4
SRR8162357;TR4PL47_1J;SRR8152606;2399,71;30940,91;10232,41;1022,67;3292,12;JAK2_HET_U2AF1_HET_ASXL1_p910_HET;batch_4
SRR8162358;TR4PL47_1L;SRR8152698;1069,02;20419,59;3909,72;1066,38;31762,33;JAK2_HET_U2AF1_HET;batch_4
SRR8162359;TR4PL47_1M;SRR8152033;1319,09;22938,98;3478,06;1027,07;12520,38;JAK2_HET_U2AF1_HET_ASXL1_p897_HET;batch_4
SRR8162360;TR4PL47_1N;SRR8152621;2050,57;24984,94;7777,44;1392,81;2134,36;JAK2_HET_U2AF1_HET_ASXL1_p910_HET;batch_4
SRR8162361;TR4PL47_1P;SRR8151982;1893,26;43050,23;7408,42;1254,67;31997,18;JAK2_HET_U2AF1_HET_ASXL1_p897_HET;batch_4
SRR8162362;TR4PL47_21A;SRR8152627;1295,35;26412,19;4379,33;947,05;2625,17;JAK2_HET_U2AF1_HET;batch_4
SRR8162363;TR4PL47_21B;SRR8152624;517,44;13951,84;7664,86;1218,9;555,28;JAK2_HOM_U2AF1_HET_ASXL1_p910_HET;batch_4
SRR8162364;TR4PL47_21D;SRR8152625;2989,84;21352,65;10405,82;651,56;7387,39;JAK2_HET_U2AF1_HET_TET2_pI1105_HET_ASXL1_p910_HET;batch_4
SRR8162365;TR4PL47_21E;SRR8154707;2751,53;12625,97;19735,05;1241,05;3045,24;JAK2_HET_U2AF1_HET;batch_4
SRR8162366;TR4PL47_21F;SRR8154708;292,37;30140,03;12179,39;952,84;6130,14;JAK2_HET_U2AF1_HET;batch_4
SRR8162367;TR4PL47_21G;SRR8154705;1878,02;45777,73;5142,28;1088,62;3380,89;JAK2_HOM_U2AF1_HET;batch_4
SRR8162368;TR4PL47_21H;SRR8154706;1217,69;33239,49;4449,72;1659,12;6025,61;JAK2_WT;batch_4
SRR8162369;TR4PL47_21I;SRR8154703;739,75;16311,24;2943,43;991,89;2165,51;JAK2_HET_U2AF1_HET;batch_4
SRR8162370;TR4PL47_21J;SRR8154704;138,96;35298,62;1550,97;1394,79;4567,88;JAK2_HET_U2AF1_HET;batch_4
SRR8162371;TR4PL47_21K;SRR8154844;708,57;32111,29;1643,68;1476,64;1855,58;JAK2_WT;batch_4
SRR8162372;TR4PL47_21L;SRR8154846;2164,8;35072,52;3420,9;1860,62;3758,02;JAK2_HET_U2AF1_HET;batch_4
SRR8162373;TR4PL47_21M;SRR8154967;1859,63;29790,67;2027,06;645,6;1839,34;JAK2_HET_U2AF1_HET;batch_4
SRR8162374;TR4PL47_21N;SRR8154854;841,3;28666,59;2350,41;1198,55;834,92;JAK2_HET_U2AF1_HET;batch_4
SRR8162375;TR4PL47_21O;SRR8154881;1347,03;19937,69;2953,03;790,17;2391,02;JAK2_HET_U2AF1_HET;batch_4
SRR8162376;TR4PL47_21P;SRR8154882;980,36;24153,56;2644,64;601,65;525,31;JAK2_HET_U2AF1_HET_TET2_pI1105_HET_ASXL1_p910_HET;batch_4
SRR8162377;TR4PL47_23A;SRR8154879;5167,24;33993,86;8793,97;1037;5697,64;JAK2_WT_U2AF1_HET_ASXL1_p897_HOM;batch_4
SRR8162378;TR4PL47_23C;SRR8154877;5084,47;31209,13;12525,54;1583,15;4226;JAK2_HET_U2AF1_HET;batch_4
SRR8162379;TR4PL47_23D;SRR8154878;-178,52;18918,89;4419,42;1158,02;605,56;JAK2_HET_U2AF1_HET;batch_4
SRR8162380;TR4PL47_23E;SRR8154875;4536,04;38545,31;6018,76;991,02;22530,66;JAK2_HET_U2AF1_HET;batch_4
SRR8162381;TR4PL47_23F;SRR8154876;1325,77;14478,19;24127,01;1179,22;1150,39;JAK2_HET_U2AF1_HET;batch_4
SRR8162382;TR4PL47_23G;SRR8154883;1123,67;44229,11;2932,12;983,21;22800,1;JAK2_HET_U2AF1_HET_TET2_pI1105_HET_ASXL1_p910_HET;batch_4
SRR8162383;TR4PL47_23H;SRR8154884;-1733,82;31946,46;4558,95;1272,98;2262,1;JAK2_HET_U2AF1_HET_TET2_pI1105_HET_ASXL1_p910_HET;batch_4
SRR8162384;TR4PL47_23I;SRR8154781;2217,79;24281,56;4244,36;1760,66;2850,09;JAK2_HET_U2AF1_HET_ASXL1_p910_HET;batch_4
SRR8162385;TR4PL47_23K;SRR8154779;2198,64;31356,1;14434,67;1399,8;2383,85;JAK2_HET_U2AF1_HET_ASXL1_p910_HET;batch_4
SRR8162386;TR4PL47_23L;SRR8154778;7446,65;29518,91;5327,74;1344,33;14021,39;JAK2_HET_U2AF1_HET_TET2_pI1105_HET_ASXL1_p910_HET;batch_4
SRR8162387;TR4PL47_23M;SRR8154777;6051,55;37173,25;4785,56;1175,58;24483,3;JAK2_HET_U2AF1_HET_ASXL1_p910_HET;batch_4
SRR8162388;TR4PL47_23N;SRR8154776;5623,43;19895,62;12287,63;1284,38;3854,4;JAK2_HET_U2AF1_HET_TET2_pI1105_HET_ASXL1_p910_HET;batch_4
SRR8162389;TR4PL47_23O;SRR8154775;2717,01;12349,9;7089,53;901,54;3882,85;JAK2_HET_U2AF1_HET_TET2_pI1105_HET_ASXL1_p910_HET;batch_4
SRR8162390;TR4PL47_23P;SRR8154774;4383,2;33204,97;6467,85;1368,94;4305,11;JAK2_HET_U2AF1_HET;batch_4
SRR8162391;TR4PL47_3A;SRR8154773;5490,06;23639,39;10190,2;974,59;3366,89;JAK2_HET_U2AF1_HET;batch_4
SRR8162392;TR4PL47_3B;SRR8154914;-485,43;19645,95;2616,7;1005,12;1915,43;JAK2_WT;batch_4
SRR8162393;TR4PL47_3C;SRR8154822;5976,71;31261,3;16448,05;658,09;7917,72;JAK2_HET_U2AF1_HET_TET2_pI1105_HOM_ASXL1_p910_HET;batch_4
SRR8162394;TR4PL47_3D;SRR8154823;528,82;23662,2;3550,99;1214;4665,35;JAK2_HET_U2AF1_HET_TET2_pI1105_HET_ASXL1_p910_HET;batch_4
SRR8162395;TR4PL47_3E;SRR8154824;2726,98;43751,23;6322,01;997,59;84915,58;JAK2_HET_U2AF1_HET_ASXL1_p897_HET;batch_4
SRR8162396;TR4PL47_3F;SRR8154825;-57,58;32303,16;5817,61;1357,67;3575,22;JAK2_HET_U2AF1_HET;batch_4
SRR8162397;TR4PL47_3G;SRR8154826;737;14514,06;6779,19;425,26;3746,35;JAK2_HET_U2AF1_HET_ASXL1_p897_HET;batch_4
SRR8162398;TR4PL47_3H;SRR8154827;2359,81;15205,93;3932,34;1779,58;3928,17;JAK2_HET_U2AF1_HET;batch_4
SRR8162399;TR4PL47_3I;SRR8154828;-228,44;46155,65;10459,97;1070,97;11322,89;JAK2_HET_U2AF1_HET_TET2_pI1105_HET_ASXL1_p910_HET;batch_4
SRR8162400;TR4PL47_3J;SRR8154829;2449,49;12648,78;3634,46;903,38;1499,82;JAK2_HET_U2AF1_HET;batch_4
SRR8162401;TR4PL47_3K;SRR8154816;2034,04;16848,36;3719,88;1018,24;6908,82;JAK2_HET_U2AF1_HET_TET2_pI1105_HET_ASXL1_p910_HET;batch_4
SRR8162402;TR4PL47_3L;SRR8154817;2313,76;30864,15;18362,33;1198,39;9270,36;JAK2_HOM_U2AF1_HOM;batch_4
SRR8162403;TR4PL47_3M;SRR8154964;3257,19;34509,68;3599,37;852,64;4801,87;JAK2_HET_U2AF1_HET;batch_4
SRR8162404;TR4PL47_3N;SRR8154709;290,31;17339,54;7648,12;1544,35;1806,87;JAK2_HOM_U2AF1_HET;batch_4
SRR8162405;TR4PL47_5A;SRR8154690;5528,95;22388,7;5086,08;998,06;1786,15;JAK2_HET_U2AF1_HET;batch_4
SRR8162406;TR4PL47_5B;SRR8154936;828,5;14630,04;7045,89;1118,84;687,85;JAK2_HET_U2AF1_HET;batch_4
SRR8162407;TR4PL47_5C;SRR8154736;1889,3;34342,49;2301,03;1127,43;21448,65;JAK2_HET_U2AF1_HET_ASXL1_p897_HET;batch_4
SRR8162408;TR4PL47_5D;SRR8154732;2704,3;21974,68;18100,93;1081,66;2748,23;JAK2_HET_U2AF1_HET;batch_4
SRR8162409;TR4PL47_5E;SRR8154741;2466,89;24960,26;9332,16;1488,97;1980,56;JAK2_HET_U2AF1_HET;batch_4
SRR8162410;TR4PL47_5F;SRR8154739;1866,39;13796,76;56514,83;1118,04;3461,61;JAK2_HET_U2AF1_HET_TET2_pI1105_HET_ASXL1_p910_HET;batch_4
SRR8162411;TR4PL47_5G;SRR8154679;2376,01;30630,02;11837,71;1572,52;4155,52;JAK2_HET_U2AF1_HET;batch_4
SRR8162412;TR4PL47_5H;SRR8154678;1723,11;12859,28;3685,46;1417,43;2982,79;JAK2_HOM_U2AF1_HET;batch_4
SRR8162413;TR4PL47_5I;SRR8154730;1474,35;35987,54;6309,18;506,03;7984,86;JAK2_HET_U2AF1_HET;batch_4
SRR8162414;TR4PL47_5J;SRR8154731;2915,02;21058,66;21134,27;905,9;5880,56;JAK2_HET_U2AF1_HET;batch_4
SRR8162415;TR4PL47_5K;SRR8154728;1520,38;29041,19;1834,26;332,11;1917,24;JAK2_HET_U2AF1_HET;batch_4
SRR8162416;TR4PL47_5L;SRR8154729;5970,91;37688,42;5878,13;1261,89;41641,81;JAK2_HET_U2AF1_HET_ASXL1_p910_HET;batch_4
SRR8162417;TR4PL47_5M;SRR8154966;1846,69;36504,8;2895,32;2381,37;55842,04;JAK2_HET_U2AF1_HET;batch_4
SRR8162418;TR4PL47_5O;SRR8154951;2900,3;26297,35;22114,99;787,08;2432,48;JAK2_HET_U2AF1_HET;batch_4
SRR8162419;TR4PL47_5P;SRR8154733;413,44;29175,23;10973,94;1274,46;2744,64;JAK2_HET_U2AF1_HET_TET2_pI1105_HET_ASXL1_p910_HET;batch_4
SRR8162420;TR4PL47_7A;SRR8154916;97,97;23049,78;3659,37;1172,65;7418,47;JAK2_HET_U2AF1_HET_ASXL1_p897_HET;batch_4
SRR8162421;TR4PL47_7B;SRR8154922;3170,39;16161,96;6618,8;1089,88;13643,12;JAK2_HET_U2AF1_HOM;batch_4
SRR8162422;TR4PL47_7C;SRR8154919;2198,37;41195,55;2715,13;1389,72;4793,18;JAK2_HET_U2AF1_HOM;batch_4
SRR8162423;TR4PL47_7D;SRR8154896;1549,25;36199,07;10216,11;1753,54;5875,55;JAK2_WT_U2AF1_HET;batch_4
SRR8162424;TR4PL47_7E;SRR8154917;1240,1;39788,43;11466,34;1454,54;865,92;JAK2_HET_U2AF1_HET;batch_4
SRR8162425;TR4PL47_7F;SRR8154887;4132,13;35974,33;5716,54;795,61;1040,12;JAK2_HET_U2AF1_HET;batch_4
SRR8162426;TR4PL47_7G;SRR8154923;2562,37;36772,66;16907,57;1878,39;8224,53;JAK2_HET_U2AF1_HET_ASXL1_p910_HET;batch_4
SRR8162427;TR4PL47_7H;SRR8154821;1980,65;13363,06;11225,29;1792,02;2026,75;JAK2_HET_U2AF1_HET_ASXL1_p897_HET;batch_4
SRR8162428;TR4PL47_7I;SRR8154921;1332,3;24139,51;2645,78;1384,59;8850,15;JAK2_HET_U2AF1_HET;batch_4
SRR8162429;TR4PL47_7J;SRR8154920;5420,17;27343,72;2733,34;829,36;6237,29;JAK2_HET_U2AF1_HET_TET2_pI1105_HET_ASXL1_p910_HET;batch_4
SRR8162430;TR4PL47_7K;SRR8154926;1304,87;28124,91;-594,14;1112,17;17289,53;JAK2_HET_U2AF1_HET;batch_4
SRR8162431;TR4PL47_7L;SRR8154925;3204,85;26572,93;3319,19;1360,39;14669,27;JAK2_HET_U2AF1_HET_TET2_pI1105_HET_ASXL1_p910_HET;batch_4
SRR8162432;TR4PL47_7M;SRR8154954;1682,91;20279,82;2687,38;1556,07;1067,7;JAK2_HET_U2AF1_HET;batch_4
SRR8162433;TR4PL47_7N;SRR8154818;792,74;22061,09;3476,1;2410,04;7804,92;JAK2_HET_U2AF1_HET_ASXL1_p910_HET;batch_4
SRR8162434;TR4PL47_7P;SRR8154740;6911,49;29024,1;2700,26;1404,8;967,37;JAK2_HET;batch_4
SRR8162435;TR4PL47_9C;SRR8154870;5381,02;15669,39;6899,66;1093,97;1013,09;JAK2_HOM_U2AF1_HET;batch_4
SRR8162436;TR4PL47_9E;SRR8154851;-108,49;20969,9;2686,37;986,02;1352,65;JAK2_HET_U2AF1_HET;batch_4
SRR8162437;TR4PL47_9F;SRR8154757;932,66;14558,77;50673,34;288,45;5371,3;JAK2_HET_U2AF1_HET_TET2_pI1105_HET_ASXL1_p910_HET;batch_4
SRR8162438;TR4PL47_9H;SRR8154843;594,59;27895,27;3636,76;1088,47;19187,19;JAK2_HET_U2AF1_HET_ASXL1_p897_HET;batch_4
SRR8162439;TR4PL47_9I;SRR8154871;1825,03;36381,76;34678,08;926,71;4169,87;JAK2_WT_U2AF1_HET;batch_4
SRR8162440;TR4PL47_9K;SRR8154965;1264,7;20242,73;3478,21;1243,86;2787,42;JAK2_HET_U2AF1_HET;batch_4
SRR8162441;TR4PL47_9M;SRR8154873;2105,76;20013,71;4614,29;622,58;79623,56;JAK2_HOM_U2AF1_HET_ASXL1_p897_HET;batch_4
SRR8162442;TR4PL47_9N;SRR8154820;4064,02;20047,21;7664,9;1113,53;8212,56;JAK2_HET_U2AF1_HET_ASXL1_p897_HET;batch_4
SRR8162443;TR4PL47_9O;SRR8154963;3955,61;37301,03;15679,32;1609,08;2010,21;JAK2_HET_U2AF1_HET_ASXL1_p910_HET;batch_4
SRR8162444;TR4PL47_9P;SRR8154830;2462,88;29268,17;11321,6;1011,36;7231,28;JAK2_HOM_U2AF1_HET;batch_4
SRR8162473;TR4PL48_15A;SRR8154835;927,58;30640,3;2926,47;789,04;-339,35;JAK2_HET_U2AF1_HET;batch_4
SRR8162474;TR4PL48_15B;SRR8154836;1407,38;22497,63;2727,03;1845,14;1634,15;JAK2_HOM_U2AF1_HET;batch_4
SRR8162475;TR4PL48_15C;SRR8154833;1519,92;17643,4;21425,19;1408,21;3877,82;JAK2_HET_U2AF1_HET_TET2_pI1105_HET_ASXL1_p910_HET;batch_4
SRR8162476;TR4PL48_15D;SRR8154834;2765,47;14253,98;11494,7;1904,32;2022,18;JAK2_HET_U2AF1_HET_TET2_pI1105_HET_ASXL1_p910_HET;batch_4
SRR8162477;TR4PL48_15F;SRR8154795;758,4;17199,8;7423,15;996,36;833,19;JAK2_HET_U2AF1_HET;batch_4
SRR8162478;TR4PL48_15G;SRR8154794;1231,49;14647,97;11158,83;653,97;17191,68;JAK2_HET_U2AF1_HET;batch_4
SRR8162479;TR4PL48_15H;SRR8154793;2628,47;22652,11;3907,57;1629;898,18;JAK2_HET_U2AF1_HET_ASXL1_p910_HET;batch_4
SRR8162480;TR4PL48_15I;SRR8154800;1652,84;24642,41;3124,01;1093,42;1525,07;JAK2_HET_U2AF1_HET_ASXL1_p897_HET;batch_4
SRR8162481;TR4PL48_15J;SRR8154799;-232,67;46732,38;1406,67;578,56;10081,67;JAK2_HET_U2AF1_HET;batch_4
SRR8162482;TR4PL48_15K;SRR8154798;-1641,77;27174,99;1222,53;1314,74;1053,15;JAK2_WT_U2AF1_HOM;batch_4
SRR8162483;TR4PL48_15L;SRR8154797;2134,71;30066,04;2742,32;1079,11;3918,05;JAK2_HET_U2AF1_HET_ASXL1_p910_HET;batch_4
SRR8162484;TR4PL48_15M;SRR8154802;1847,66;35294,14;2993,7;1391,67;441,49;JAK2_HOM_U2AF1_HET;batch_4
SRR8162485;TR4PL48_15N;SRR8154801;1143,86;28264,26;-423,02;1768,2;39425,91;JAK2_HOM_U2AF1_HET;batch_4
SRR8162486;TR4PL48_15O;SRR8154750;3045,16;19688,52;1916,21;1426,63;2858,75;JAK2_HET_U2AF1_HET;batch_4
SRR8162487;TR4PL48_15P;SRR8154751;1326,34;24651,4;2393,22;1659,83;1253,43;JAK2_WT;batch_4
SRR8162488;TR4PL48_17A;SRR8154752;3185,93;42567,04;3021,74;1193,68;9312,67;JAK2_HET_U2AF1_HET_ASXL1_p910_HET;batch_4
SRR8162489;TR4PL48_17B;SRR8154753;1717,35;11941,86;8576,15;1997,63;1403,06;JAK2_HET_U2AF1_HET_ASXL1_p910_HET;batch_4
SRR8162490;TR4PL48_17C;SRR8154746;1515,56;27970,97;558,71;1114;19971,84;JAK2_HET_U2AF1_HET_ASXL1_p897_HET;batch_4
SRR8162491;TR4PL48_17D;SRR8154747;3914,04;25116,55;5531,99;808,7;25942,47;JAK2_HET_U2AF1_HET;batch_4
SRR8162492;TR4PL48_17E;SRR8154748;3852,7;24729,54;1990,39;982,43;1084,03;JAK2_HET_U2AF1_HET;batch_4
SRR8162493;TR4PL48_17F;SRR8154749;910,62;19890,7;22634,16;1288,57;4564,62;JAK2_HET_U2AF1_HET;batch_4
SRR8162494;TR4PL48_17G;SRR8154755;4072,87;12912,94;4124,37;1499,13;1472,38;JAK2_HOM_U2AF1_HET;batch_4
SRR8162495;TR4PL48_17I;SRR8154756;1384,73;17665,5;3045,25;1388,57;714,21;JAK2_WT_U2AF1_HET;batch_4
SRR8162496;TR4PL48_17J;SRR8154694;1311,96;19715,07;2015,74;696,56;9976,35;JAK2_HOM_U2AF1_HET;batch_4
SRR8162497;TR4PL48_17K;SRR8154693;4005,83;22431,57;2477,27;1495,01;4070;JAK2_HET_U2AF1_HET;batch_4
SRR8162498;TR4PL48_17L;SRR8154696;1650,84;40867,96;1816,62;1435,04;3642,08;JAK2_HET_U2AF1_HET_ASXL1_p910_HET;batch_4
SRR8162499;TR4PL48_17M;SRR8154695;619,15;24575,39;1305,03;728,44;1552,25;JAK2_HET_U2AF1_HET_TET2_pI1105_HET_ASXL1_p910_HET;batch_4
SRR8162500;TR4PL48_17N;SRR8154698;2568,77;32922,55;2822,87;1104,72;1917,77;JAK2_HET_U2AF1_HET;batch_4
SRR8162501;TR4PL48_17O;SRR8154697;2017,71;28142,09;2772,4;2083,96;648,96;JAK2_HET_U2AF1_HET;batch_4
SRR8162502;TR4PL48_17P;SRR8154700;1178,46;17661,21;3618,63;601,55;1592,99;JAK2_HOM_U2AF1_HET;batch_4
SRR8162503;TR4PL48_19A;SRR8154699;1754,77;21119,44;5268,37;468,98;11564,99;JAK2_HET_U2AF1_HET;batch_4
SRR8162504;TR4PL48_19C;SRR8154702;1595,72;24874,3;5338;969,21;406,59;JAK2_HET_U2AF1_HET;batch_4
SRR8162505;TR4PL48_19D;SRR8154701;3463,29;24528,73;11147,71;1368,88;3662,67;JAK2_HET_U2AF1_HET;batch_4
SRR8162506;TR4PL48_19E;SRR8154971;3386,25;36331,68;11031,28;1331,84;5222,43;JAK2_HET_U2AF1_HET_ASXL1_p910_HET;batch_4
SRR8162507;TR4PL48_19F;SRR8154972;-315,48;37378,11;3832,45;1424,96;31407,97;JAK2_HET_U2AF1_HET_ASXL1_p897_HET;batch_4
SRR8162508;TR4PL48_19G;SRR8154969;1070,05;29765,95;3643,46;1207,94;1772,74;JAK2_HET_U2AF1_HET;batch_4
SRR8162509;TR4PL48_19J;SRR8154976;1304,86;18056,79;643,89;1061,9;17754,59;JAK2_HET_U2AF1_HET;batch_4
SRR8162510;TR4PL48_19K;SRR8154973;3185,68;26116,46;540,31;786,27;16732,34;JAK2_HET_U2AF1_HET_ASXL1_p897_HET;batch_4
SRR8162511;TR4PL48_19L;SRR8154974;2343,37;25314,78;535,53;840,42;8888,34;JAK2_HET_U2AF1_HET_ASXL1_p910_HET;batch_4
SRR8162512;TR4PL48_19M;SRR8154977;2808,99;38393,61;2947,99;1463,04;6282,28;JAK2_HET_U2AF1_HET_ASXL1_p910_HET;batch_4
SRR8162513;TR4PL48_19N;SRR8154978;-559,02;22013,32;2730,93;1082,2;1163,96;JAK2_HOM_U2AF1_HET;batch_4
SRR8162514;TR4PL48_19P;SRR8154935;3862,69;36061,2;3552,94;973,57;24723,75;JAK2_HET_U2AF1_HET;batch_4
SRR8162515;TR4PL48_1B;SRR8154933;5243,25;25830,79;14251,57;2768,8;4008,68;JAK2_HET_U2AF1_HET;batch_4
SRR8162516;TR4PL48_1C;SRR8154932;3064,98;23402,1;2138,51;1365,06;1021,75;JAK2_HET_U2AF1_HET;batch_4
SRR8162517;TR4PL48_1D;SRR8154931;1491,75;16906,04;5507,38;396,03;3617,77;JAK2_HET_U2AF1_HET;batch_4
SRR8162518;TR4PL48_1E;SRR8154930;2372,67;18765,86;3409,96;1100,29;2714,98;JAK2_HET_U2AF1_HET;batch_4
SRR8162519;TR4PL48_1G;SRR8154928;3350,38;25121,1;11366,33;1122,3;5368,19;JAK2_WT_U2AF1_HET_TET2_pI1105_HET_ASXL1_p910_HET;batch_4
SRR8162520;TR4PL48_1H;SRR8154938;2794,22;26183,37;1017,12;1426,59;2228,87;JAK2_HET_U2AF1_HET_ASXL1_p910_HET;batch_4
SRR8162521;TR4PL48_1J;SRR8154888;1394,86;16224,64;3804,44;968,6;16740,86;JAK2_HET_U2AF1_HET;batch_4
SRR8162522;TR4PL48_1K;SRR8154889;1847,92;12358,83;9733,99;938,32;3259,85;JAK2_HET_U2AF1_HET_TET2_pI1105_HET_ASXL1_p910_HET;batch_4
SRR8162523;TR4PL48_1L;SRR8154890;2300,43;16913,2;18244,54;1119,2;1485,64;JAK2_HET_U2AF1_HET_TET2_pI1105_HET_ASXL1_p910_HET;batch_4
SRR8162524;TR4PL48_1M;SRR8154891;1798,11;13793,58;5632,92;882,56;440,85;JAK2_WT_U2AF1_HET;batch_4
SRR8162525;TR4PL48_1N;SRR8154892;3274,24;13839,14;5823,75;992,69;1318,01;JAK2_HOM_U2AF1_HET;batch_4
SRR8162526;TR4PL48_1P;SRR8154894;831,76;28741,54;18570,58;2992,46;441,22;JAK2_HET_U2AF1_HET;batch_4
SRR8162527;TR4PL48_21B;SRR8154885;137,33;16666,51;4814,13;1506;1124,67;JAK2_HET_U2AF1_HET_ASXL1_p897_HET;batch_4
SRR8162528;TR4PL48_21C;SRR8154886;4099,53;32410,48;4485,62;1257,08;2014,41;JAK2_HET_U2AF1_HET_ASXL1_p897_HET;batch_4
SRR8162529;TR4PL48_21D;SRR8154809;855,96;23059,22;6910,6;1117,29;1146,62;JAK2_HET_U2AF1_HET_TET2_pI1105_HET_ASXL1_p910_HET;batch_4
SRR8162530;TR4PL48_21E;SRR8154808;-76,31;41492,56;6118,74;987,48;2491,23;JAK2_WT;batch_4
SRR8162531;TR4PL48_21G;SRR8154810;2380,34;20773,75;4377,09;1097,09;10738,51;JAK2_HET_U2AF1_HET;batch_4
SRR8162532;TR4PL48_21H;SRR8154805;2159,3;13721,34;3636,76;823,26;4798,12;JAK2_HET_U2AF1_HET_ASXL1_p910_HET;batch_4
SRR8162533;TR4PL48_21K;SRR8154806;693,9;19566,1;28226,86;1291,34;1365,28;JAK2_WT;batch_4
SRR8162534;TR4PL48_21L;SRR8154815;1844,29;17021,7;14918,02;2414,27;6017,13;JAK2_HOM_U2AF1_HET;batch_4
SRR8162535;TR4PL48_21N;SRR8154814;4430,87;23102,77;7646,85;2211,45;3853,21;JAK2_HET_U2AF1_HET;batch_4
SRR8162536;TR4PL48_21O;SRR8154764;4135,61;33791,84;18829,28;1354,32;1838,09;JAK2_HET_U2AF1_HET_TET2_pI1105_HET_ASXL1_p910_HET;batch_4
SRR8162537;TR4PL48_21P;SRR8154765;1749,75;17298,46;39066,29;1329,47;8230,78;JAK2_HET_U2AF1_HET;batch_4
SRR8162538;TR4PL48_23A;SRR8154762;957,93;14254,85;8878,67;1641,41;1684,19;JAK2_HET_U2AF1_HET_ASXL1_p897_HET;batch_4
SRR8162539;TR4PL48_23B;SRR8154763;3477,73;13881,59;4766,57;561,12;463,54;JAK2_WT_U2AF1_HET;batch_4
SRR8162540;TR4PL48_23D;SRR8154761;1156,61;37456,32;9469,81;1480,11;10821,63;JAK2_HET_U2AF1_HET_TET2_pI1105_HET_ASXL1_p910_HET;batch_4
SRR8162541;TR4PL48_23E;SRR8154758;2733,02;34488,65;16044,22;1899,49;19714,04;JAK2_HET_U2AF1_HET_ASXL1_p910_HET;batch_4
SRR8162542;TR4PL48_23F;SRR8154759;-1396,9;42419,96;3555,98;1122,47;1640,41;JAK2_WT;batch_4
SRR8162543;TR4PL48_23G;SRR8154769;855,07;18753,68;4709,3;820,43;2478,96;JAK2_HET_U2AF1_HET;batch_4
SRR8162544;TR4PL48_23J;SRR8154727;120,37;18701,72;9970,09;1248,54;1826,39;JAK2_HET_U2AF1_HET_ASXL1_p910_HET;batch_4
SRR8162545;TR4PL48_23L;SRR8154725;402,62;32256,04;11998,9;1251,33;2133,45;JAK2_HET_U2AF1_HET;batch_4
SRR8162546;TR4PL48_23N;SRR8154723;1760,04;14123,69;3381,63;929,21;9470,95;JAK2_HET_U2AF1_HET_ASXL1_p897_HET;batch_4
SRR8162547;TR4PL48_23O;SRR8154720;1543,78;20837,71;4569,24;855,1;145,78;JAK2_HET_U2AF1_HET_TET2_pI1105_HET_ASXL1_p910_HET;batch_4
SRR8162548;TR4PL48_23P;SRR8154721;5009,03;26858,99;4564,68;1295,52;1209,2;JAK2_HET_U2AF1_HET;batch_4
SRR8162549;TR4PL48_3A;SRR8154734;2693,78;23704,18;11714,82;1210,92;16893,24;JAK2_HET_U2AF1_HET_ASXL1_p897_HET;batch_4
SRR8162550;TR4PL48_3C;SRR8154735;-260,49;43306,17;10078,59;809,55;9128,06;JAK2_HET_U2AF1_HET;batch_4
SRR8162551;TR4PL48_3F;SRR8154857;3538,65;14402,42;14523,3;911,65;5072,15;JAK2_HET_U2AF1_HET;batch_4
SRR8162552;TR4PL48_3G;SRR8154858;3782,03;36581,89;12294,51;679,7;24669,02;JAK2_HET_U2AF1_HET_TET2_pI1105_HET_ASXL1_p910_HET;batch_4
SRR8162553;TR4PL48_3H;SRR8154848;1784,79;46409,14;19056,77;621,8;35849,48;JAK2_HET_U2AF1_HET;batch_4
SRR8162554;TR4PL48_3J;SRR8154849;1618,92;33813,84;7238,78;816,1;555,08;JAK2_HET_U2AF1_HET_ASXL1_p910_HET;batch_4
SRR8162555;TR4PL48_3K;SRR8154855;154,71;13181,39;16891,52;811,48;445,56;JAK2_HET_U2AF1_HET;batch_4
SRR8162556;TR4PL48_3N;SRR8154768;420,71;18754,34;3232,53;709,89;773,04;JAK2_HET_U2AF1_HET;batch_4
SRR8162557;TR4PL48_5A;SRR8154960;710,77;35119,5;7148,94;986,71;21408,7;JAK2_HET_U2AF1_HET;batch_4
SRR8162558;TR4PL48_5B;SRR8154961;1625,86;19500,16;6081,53;1463,04;5362,54;JAK2_HET_U2AF1_HET_ASXL1_p897_HET;batch_4
SRR8162559;TR4PL48_5D;SRR8154955;1647,27;34246,88;16822,9;1799,94;3529,55;JAK2_HOM_U2AF1_HET;batch_4
SRR8162560;TR4PL48_5E;SRR8154956;601,59;21054,31;24223,74;1289,43;2837,9;JAK2_HET_U2AF1_HET_TET2_pI1105_HET_ASXL1_p910_HET;batch_4
SRR8162561;TR4PL48_5F;SRR8154957;7770,97;29850,14;6516,74;1042,46;10962,75;JAK2_HET_U2AF1_HET_ASXL1_p897_HET;batch_4
SRR8162562;TR4PL48_5G;SRR8154958;106,6;16100,29;7446,36;870,31;5399,71;JAK2_HET_U2AF1_HET_ASXL1_p897_HET;batch_4
SRR8162563;TR4PL48_5I;SRR8154953;6423,52;30136,28;7150,28;1604,83;738,28;JAK2_HET_U2AF1_HET;batch_4
SRR8162564;TR4PL48_5J;SRR8154685;1606,72;25337,46;13635,54;1373,02;2791,63;JAK2_HET_U2AF1_HET_TET2_pI1105_HOM_ASXL1_p910_HET;batch_4
SRR8162565;TR4PL48_5K;SRR8154684;1632,63;26112,71;7057,34;888,51;5634,71;JAK2_HOM_U2AF1_HET;batch_4
SRR8162566;TR4PL48_5L;SRR8154683;14,89;43951,96;10660,75;1936,18;5106,87;JAK2_WT;batch_4
SRR8162567;TR4PL48_5M;SRR8154682;1520,58;22286,49;5566,49;1988,19;18822,05;JAK2_HET_U2AF1_HET_TET2_pI1105_HET_ASXL1_p910_HET;batch_4
SRR8162568;TR4PL48_5N;SRR8154689;3382,07;19765,9;9734,61;1593,28;1935,54;JAK2_HET_U2AF1_HET_TET2_pI1105_HET_ASXL1_p910_HET;batch_4
SRR8162569;TR4PL48_5O;SRR8154688;2783,61;27521,75;7759,41;1358,32;9769,66;JAK2_HET_U2AF1_HET_TET2_pI1105_HET_ASXL1_p910_HET;batch_4
SRR8162570;TR4PL48_5P;SRR8154687;-557,25;32580,28;15815,65;1415,95;9930,9;JAK2_HET_U2AF1_HET_ASXL1_p910_HET;batch_4
SRR8162571;TR4PL48_7A;SRR8154686;4182,35;42051,57;2327,59;2020,21;24439,95;JAK2_HET_U2AF1_HET_ASXL1_p910_HET;batch_4
SRR8162572;TR4PL48_7B;SRR8154681;724,59;13330,58;8976,6;1474,83;298,21;JAK2_HET_U2AF1_HET;batch_4
SRR8162573;TR4PL48_7C;SRR8154680;2208,51;35998;2907,15;1542,35;16740,76;JAK2_HET_U2AF1_HET_ASXL1_p910_HET;batch_4
SRR8162574;TR4PL48_7D;SRR8154945;1440,81;12799,58;7410,93;1731,41;2835,97;JAK2_HET_U2AF1_HET;batch_4
SRR8162575;TR4PL48_7F;SRR8154943;2764,85;17975,79;6695,58;1578,94;13503,86;JAK2_HET_U2AF1_HET_ASXL1_p897_HET;batch_4
SRR8162576;TR4PL48_7H;SRR8154944;2387,31;32977,28;1433,79;1114,54;1188,54;JAK2_HET_U2AF1_HET;batch_4
SRR8162577;TR4PL48_7I;SRR8154949;3608,06;41717,26;2950,5;1360,48;16110,91;JAK2_HET_U2AF1_HET_TET2_pI1105_HET_ASXL1_p910_HET;batch_4
SRR8162578;TR4PL48_7J;SRR8154950;4685,03;17615,3;5041,88;1273,85;219,15;JAK2_HET_U2AF1_HET_ASXL1_p910_HET;batch_4
SRR8162579;TR4PL48_7K;SRR8154947;2021,56;27722,69;10610,34;3664,28;1031,42;JAK2_HET_U2AF1_HET;batch_4
SRR8162580;TR4PL48_7L;SRR8154948;2484,81;12289,89;7489,63;1565,8;2671,35;JAK2_HET_U2AF1_HET_ASXL1_p897_HET;batch_4
SRR8162581;TR4PL48_7M;SRR8154939;2645,48;15972,26;10874,16;1028,71;1606,66;JAK2_HET_U2AF1_HET_TET2_pI1105_HET;batch_4
SRR8162582;TR4PL48_7N;SRR8154940;2458,23;30253,88;1461,65;727,41;1398,97;JAK2_WT_U2AF1_HET;batch_4
SRR8162583;TR4PL48_9C;SRR8154983;4144,54;31118,13;13904,1;3099,01;1132,85;JAK2_WT_U2AF1_HET;batch_4
SRR8162584;TR4PL48_9D;SRR8154986;2818,12;26859,75;3928,47;1095,19;37851,63;JAK2_HET_U2AF1_HET_ASXL1_p897_HET;batch_4
SRR8162585;TR4PL48_9E;SRR8154985;2795,38;19858,53;3008,03;1551,39;2289,67;JAK2_HET_U2AF1_HET_ASXL1_p910_HET;batch_4
SRR8162586;TR4PL48_9G;SRR8154987;3433,53;17751,58;6335,85;737,57;64173,42;JAK2_HET_U2AF1_HET_ASXL1_p897_HET;batch_4
SRR8162587;TR4PL48_9H;SRR8154990;1507,57;17708,69;5518,26;996,22;3236,8;JAK2_HET_U2AF1_HET_TET2_pI1105_HET_ASXL1_p910_HET;batch_4
SRR8162588;TR4PL48_9I;SRR8154989;3664,35;18283,82;9070,06;895,19;3048,39;JAK2_HET_U2AF1_HET_ASXL1_p910_HET;batch_4
SRR8162589;TR4PL48_9J;SRR8154981;2291,34;31820,91;6865,81;1280,04;1098,21;JAK2_HET_U2AF1_HET;batch_4
SRR8162590;TR4PL48_9K;SRR8154980;-61,69;14744,69;5815,04;1682,56;5438,83;JAK2_HOM_U2AF1_HET;batch_4
SRR8162591;TR4PL48_9L;SRR8154968;4610,65;28768,06;8307,62;1262,86;3785,61;JAK2_HET_U2AF1_HET;batch_4
SRR8162592;TR4PL48_9M;SRR8154766;1752,22;39650,17;10684,92;1398,12;1763,81;JAK2_HET_U2AF1_HET;batch_4
SRR8162593;TR4PL48_9O;SRR8154772;1568,26;24388,45;1741,31;1402,95;10828,91;JAK2_HOM_U2AF1_HET;batch_4
SRR8162594;TR4PL48_9P;SRR8154738;1254,31;31709,63;5845,43;1484,48;2307,56;JAK2_HET_U2AF1_HET_ASXL1_p897_HET;batch_4
